﻿<?xml version="1.0" encoding="utf-8"?>
<selector xmlns:android="http://schemas.android.com/apk/res/android">
  <item android:state_pressed="true"
        android:color="@color/storehouse_blue">
  </item>

  <item android:state_focused="true"
        android:color="@color/storehouse_blue">
  </item>

  <item android:state_activated="true"
          android:color="@color/storehouse_blue">
  </item>

  <item android:color="@color/storehouse_blue_light" />
</selector>
<!--<?xml version="1.0" encoding="utf-8"?>
<selector xmlns:android="http://schemas.android.com/apk/res/android">
  <item android:state_pressed="true"
        android:color="#0481d4">
  </item>

  <item android:state_focused="true"
        android:color="#0481d4">
  </item>

  <item android:state_activated="true"
          android:color="#0369ad">
  </item>

  <item android:color="#f6f6f6" />
</selector>-->