<?xml version="1.0" encoding="UTF-8" ?>
<Publications>

  <p code="es" number="2015" img="dailytext" >
    <a>2015/1/1</a>
    <a>2015/1/2</a>
    <a>2015/1/3</a>
    <a>2015/1/4</a>
    <a>2015/1/5</a>
    <a>2015/1/6</a>
    <a>2015/1/7</a>
    <a>2015/1/8</a>
    <a>2015/1/9</a>
    <a>2015/1/10</a>
    <a>2015/1/11</a>
    <a>2015/1/12</a>
    <a>2015/1/13</a>
    <a>2015/1/14</a>
    <a>2015/1/15</a>
    <a>2015/1/16</a>
    <a>2015/1/17</a>
    <a>2015/1/18</a>
    <a>2015/1/19</a>
    <a>2015/1/20</a>
    <a>2015/1/21</a>
    <a>2015/1/22</a>
    <a>2015/1/23</a>
    <a>2015/1/24</a>
    <a>2015/1/25</a>
    <a>2015/1/26</a>
    <a>2015/1/27</a>
    <a>2015/1/28</a>
    <a>2015/1/29</a>
    <a>2015/1/30</a>
    <a>2015/1/31</a>
    <a>2015/2/1</a>
    <a>2015/2/2</a>
    <a>2015/2/3</a>
    <a>2015/2/4</a>
    <a>2015/2/5</a>
    <a>2015/2/6</a>
    <a>2015/2/7</a>
    <a>2015/2/8</a>
    <a>2015/2/9</a>
    <a>2015/2/10</a>
    <a>2015/2/11</a>
    <a>2015/2/12</a>
    <a>2015/2/13</a>
    <a>2015/2/14</a>
    <a>2015/2/15</a>
    <a>2015/2/16</a>
    <a>2015/2/17</a>
    <a>2015/2/18</a>
    <a>2015/2/19</a>
    <a>2015/2/20</a>
    <a>2015/2/21</a>
    <a>2015/2/22</a>
    <a>2015/2/23</a>
    <a>2015/2/24</a>
    <a>2015/2/25</a>
    <a>2015/2/26</a>
    <a>2015/2/27</a>
    <a>2015/2/28</a>
    <a>2015/3/1</a>
    <a>2015/3/2</a>
    <a>2015/3/3</a>
    <a>2015/3/4</a>
    <a>2015/3/5</a>
    <a>2015/3/6</a>
    <a>2015/3/7</a>
    <a>2015/3/8</a>
    <a>2015/3/9</a>
    <a>2015/3/10</a>
    <a>2015/3/11</a>
    <a>2015/3/12</a>
    <a>2015/3/13</a>
    <a>2015/3/14</a>
    <a>2015/3/15</a>
    <a>2015/3/16</a>
    <a>2015/3/17</a>
    <a>2015/3/18</a>
    <a>2015/3/19</a>
    <a>2015/3/20</a>
    <a>2015/3/21</a>
    <a>2015/3/22</a>
    <a>2015/3/23</a>
    <a>2015/3/24</a>
    <a>2015/3/25</a>
    <a>2015/3/26</a>
    <a>2015/3/27</a>
    <a>2015/3/28</a>
    <a>2015/3/29</a>
    <a>2015/3/30</a>
    <a>2015/3/31</a>
    <a>2015/4/1</a>
    <a>2015/4/2</a>
    <a>2015/4/3</a>
    <a>2015/4/4</a>
    <a>2015/4/5</a>
    <a>2015/4/6</a>
    <a>2015/4/7</a>
    <a>2015/4/8</a>
    <a>2015/4/9</a>
    <a>2015/4/10</a>
    <a>2015/4/11</a>
    <a>2015/4/12</a>
    <a>2015/4/13</a>
    <a>2015/4/14</a>
    <a>2015/4/15</a>
    <a>2015/4/16</a>
    <a>2015/4/17</a>
    <a>2015/4/18</a>
    <a>2015/4/19</a>
    <a>2015/4/20</a>
    <a>2015/4/21</a>
    <a>2015/4/22</a>
    <a>2015/4/23</a>
    <a>2015/4/24</a>
    <a>2015/4/25</a>
    <a>2015/4/26</a>
    <a>2015/4/27</a>
    <a>2015/4/28</a>
    <a>2015/4/29</a>
    <a>2015/4/30</a>
    <a>2015/5/1</a>
    <a>2015/5/2</a>
    <a>2015/5/3</a>
    <a>2015/5/4</a>
    <a>2015/5/5</a>
    <a>2015/5/6</a>
    <a>2015/5/7</a>
    <a>2015/5/8</a>
    <a>2015/5/9</a>
    <a>2015/5/10</a>
    <a>2015/5/11</a>
    <a>2015/5/12</a>
    <a>2015/5/13</a>
    <a>2015/5/14</a>
    <a>2015/5/15</a>
    <a>2015/5/16</a>
    <a>2015/5/17</a>
    <a>2015/5/18</a>
    <a>2015/5/19</a>
    <a>2015/5/20</a>
    <a>2015/5/21</a>
    <a>2015/5/22</a>
    <a>2015/5/23</a>
    <a>2015/5/24</a>
    <a>2015/5/25</a>
    <a>2015/5/26</a>
    <a>2015/5/27</a>
    <a>2015/5/28</a>
    <a>2015/5/29</a>
    <a>2015/5/30</a>
    <a>2015/5/31</a>
    <a>2015/6/1</a>
    <a>2015/6/2</a>
    <a>2015/6/3</a>
    <a>2015/6/4</a>
    <a>2015/6/5</a>
    <a>2015/6/6</a>
    <a>2015/6/7</a>
    <a>2015/6/8</a>
    <a>2015/6/9</a>
    <a>2015/6/10</a>
    <a>2015/6/11</a>
    <a>2015/6/12</a>
    <a>2015/6/13</a>
    <a>2015/6/14</a>
    <a>2015/6/15</a>
    <a>2015/6/16</a>
    <a>2015/6/17</a>
    <a>2015/6/18</a>
    <a>2015/6/19</a>
    <a>2015/6/20</a>
    <a>2015/6/21</a>
    <a>2015/6/22</a>
    <a>2015/6/23</a>
    <a>2015/6/24</a>
    <a>2015/6/25</a>
    <a>2015/6/26</a>
    <a>2015/6/27</a>
    <a>2015/6/28</a>
    <a>2015/6/29</a>
    <a>2015/6/30</a>
    <a>2015/7/1</a>
    <a>2015/7/2</a>
    <a>2015/7/3</a>
    <a>2015/7/4</a>
    <a>2015/7/5</a>
    <a>2015/7/6</a>
    <a>2015/7/7</a>
    <a>2015/7/8</a>
    <a>2015/7/9</a>
    <a>2015/7/10</a>
    <a>2015/7/11</a>
    <a>2015/7/12</a>
    <a>2015/7/13</a>
    <a>2015/7/14</a>
    <a>2015/7/15</a>
    <a>2015/7/16</a>
    <a>2015/7/17</a>
    <a>2015/7/18</a>
    <a>2015/7/19</a>
    <a>2015/7/20</a>
    <a>2015/7/21</a>
    <a>2015/7/22</a>
    <a>2015/7/23</a>
    <a>2015/7/24</a>
    <a>2015/7/25</a>
    <a>2015/7/26</a>
    <a>2015/7/27</a>
    <a>2015/7/28</a>
    <a>2015/7/29</a>
    <a>2015/7/30</a>
    <a>2015/7/31</a>
    <a>2015/8/1</a>
    <a>2015/8/2</a>
    <a>2015/8/3</a>
    <a>2015/8/4</a>
    <a>2015/8/5</a>
    <a>2015/8/6</a>
    <a>2015/8/7</a>
    <a>2015/8/8</a>
    <a>2015/8/9</a>
    <a>2015/8/10</a>
    <a>2015/8/11</a>
    <a>2015/8/12</a>
    <a>2015/8/13</a>
    <a>2015/8/14</a>
    <a>2015/8/15</a>
    <a>2015/8/16</a>
    <a>2015/8/17</a>
    <a>2015/8/18</a>
    <a>2015/8/19</a>
    <a>2015/8/20</a>
    <a>2015/8/21</a>
    <a>2015/8/22</a>
    <a>2015/8/23</a>
    <a>2015/8/24</a>
    <a>2015/8/25</a>
    <a>2015/8/26</a>
    <a>2015/8/27</a>
    <a>2015/8/28</a>
    <a>2015/8/29</a>
    <a>2015/8/30</a>
    <a>2015/8/31</a>
    <a>2015/9/1</a>
    <a>2015/9/2</a>
    <a>2015/9/3</a>
    <a>2015/9/4</a>
    <a>2015/9/5</a>
    <a>2015/9/6</a>
    <a>2015/9/7</a>
    <a>2015/9/8</a>
    <a>2015/9/9</a>
    <a>2015/9/10</a>
    <a>2015/9/11</a>
    <a>2015/9/12</a>
    <a>2015/9/13</a>
    <a>2015/9/14</a>
    <a>2015/9/15</a>
    <a>2015/9/16</a>
    <a>2015/9/17</a>
    <a>2015/9/18</a>
    <a>2015/9/19</a>
    <a>2015/9/20</a>
    <a>2015/9/21</a>
    <a>2015/9/22</a>
    <a>2015/9/23</a>
    <a>2015/9/24</a>
    <a>2015/9/25</a>
    <a>2015/9/26</a>
    <a>2015/9/27</a>
    <a>2015/9/28</a>
    <a>2015/9/29</a>
    <a>2015/9/30</a>
    <a>2015/10/1</a>
    <a>2015/10/2</a>
    <a>2015/10/3</a>
    <a>2015/10/4</a>
    <a>2015/10/5</a>
    <a>2015/10/6</a>
    <a>2015/10/7</a>
    <a>2015/10/8</a>
    <a>2015/10/9</a>
    <a>2015/10/10</a>
    <a>2015/10/11</a>
    <a>2015/10/12</a>
    <a>2015/10/13</a>
    <a>2015/10/14</a>
    <a>2015/10/15</a>
    <a>2015/10/16</a>
    <a>2015/10/17</a>
    <a>2015/10/18</a>
    <a>2015/10/19</a>
    <a>2015/10/20</a>
    <a>2015/10/21</a>
    <a>2015/10/22</a>
    <a>2015/10/23</a>
    <a>2015/10/24</a>
    <a>2015/10/25</a>
    <a>2015/10/26</a>
    <a>2015/10/27</a>
    <a>2015/10/28</a>
    <a>2015/10/29</a>
    <a>2015/10/30</a>
    <a>2015/10/31</a>
    <a>2015/11/1</a>
    <a>2015/11/2</a>
    <a>2015/11/3</a>
    <a>2015/11/4</a>
    <a>2015/11/5</a>
    <a>2015/11/6</a>
    <a>2015/11/7</a>
    <a>2015/11/8</a>
    <a>2015/11/9</a>
    <a>2015/11/10</a>
    <a>2015/11/11</a>
    <a>2015/11/12</a>
    <a>2015/11/13</a>
    <a>2015/11/14</a>
    <a>2015/11/15</a>
    <a>2015/11/16</a>
    <a>2015/11/17</a>
    <a>2015/11/18</a>
    <a>2015/11/19</a>
    <a>2015/11/20</a>
    <a>2015/11/21</a>
    <a>2015/11/22</a>
    <a>2015/11/23</a>
    <a>2015/11/24</a>
    <a>2015/11/25</a>
    <a>2015/11/26</a>
    <a>2015/11/27</a>
    <a>2015/11/28</a>
    <a>2015/11/29</a>
    <a>2015/11/30</a>
    <a>2015/12/1</a>
    <a>2015/12/2</a>
    <a>2015/12/3</a>
    <a>2015/12/4</a>
    <a>2015/12/5</a>
    <a>2015/12/6</a>
    <a>2015/12/7</a>
    <a>2015/12/8</a>
    <a>2015/12/9</a>
    <a>2015/12/10</a>
    <a>2015/12/11</a>
    <a>2015/12/12</a>
    <a>2015/12/13</a>
    <a>2015/12/14</a>
    <a>2015/12/15</a>
    <a>2015/12/16</a>
    <a>2015/12/17</a>
    <a>2015/12/18</a>
    <a>2015/12/19</a>
    <a>2015/12/20</a>
    <a>2015/12/21</a>
    <a>2015/12/22</a>
    <a>2015/12/23</a>
    <a>2015/12/24</a>
    <a>2015/12/25</a>
    <a>2015/12/26</a>
    <a>2015/12/27</a>
    <a>2015/12/28</a>
    <a>2015/12/29</a>
    <a>2015/12/30</a>
    <a>2015/12/31</a>
  </p>

</Publications>