﻿<?xml version="1.0" encoding="utf-8" ?>
<Chinese>
  <a>阿波罗尼亚</a>
  <a>阿博拿</a>
  <a>阿卜雷克</a>
  <a>阿布月</a>
  <a>阿达</a>
  <a>阿德里亚</a>
  <a>阿耳忒弥斯</a>
  <a>阿珥南</a>
  <a>阿珥尼</a>
  <a>阿尔法和奥米伽</a>
  <a>阿谷</a>
  <a>阿基劳斯</a>
  <a>阿基人</a>
  <a>阿拉伯</a>
  <a>阿拉伯人</a>
  <a>阿拉米</a>
  <a>阿拉米的巴旦</a>
  <a>阿拉米玛迦</a>
  <a>阿拉米纳哈连</a>
  <a>阿拉米人</a>
  <a>阿拉米琐巴</a>
  <a>阿拉米语</a>
  <a>阿莱弗</a>
  <a>阿勒篾</a>
  <a>阿玛</a>
  <a>阿们</a>
  <a>阿蒙神</a>
  <a>阿米萨拔</a>
  <a>阿摩司</a>
  <a>阿摩司书</a>
  <a>阿摩斯</a>
  <a>阿撒泻勒</a>
  <a>阿舒尔</a>
  <a>阿苏巴</a>
  <a>阿索斯</a>
  <a>阿薛</a>
  <a>阿因</a>
  <a>阿赞</a>
  <a>哀歌</a>
  <a>哀哭</a>
  <a>哀恸</a>
  <a>埃</a>
  <a>埃别</a>
  <a>埃及，埃及人</a>
  <a>埃及河</a>
  <a>埃及溪谷</a>
  <a>埃克巴坦那</a>
  <a>埃兰</a>
  <a>埃兰人</a>
  <a>埃洛希姆</a>
  <a>埃塞俄比亚</a>
  <a>埃色</a>
  <a>埃斯德赖隆平原</a>
  <a>艾城</a>
  <a>艾嫩</a>
  <a>艾舒星座</a>
  <a>艾押</a>
  <a>艾雅</a>
  <a>爱</a>
  <a>爱宴</a>
  <a>安</a>
  <a>安得烈</a>
  <a>安东尼亚塔</a>
  <a>安多尼古</a>
  <a>安菲波利斯</a>
  <a>安·哈阿雷茨</a>
  <a>安拉非</a>
  <a>安娜</a>
  <a>安娜特</a>
  <a>安纳特</a>
  <a>安提阿</a>
  <a>安提帕</a>
  <a>安提帕底</a>
  <a>安陀提雅</a>
  <a>安西</a>
  <a>安息年</a>
  <a>安息日</a>
  <a>安息香树</a>
  <a>鞍</a>
  <a>鹌鹑</a>
  <a>按手</a>
  <a>案件</a>
  <a>暗伯利</a>
  <a>暗兰</a>
  <a>暗兰人</a>
  <a>暗利</a>
  <a>暗嫩</a>
  <a>奥比勒</a>
  <a>奥伯</a>
  <a>奥珥南</a>
  <a>奥古斯都</a>
  <a>奥古斯都部队</a>
  <a>奥何利巴玛</a>
  <a>奥何利亚伯</a>
  <a>奥荷拉</a>
  <a>奥荷利巴</a>
  <a>奥赫</a>
  <a>奥连</a>
  <a>奥林巴</a>
  <a>奥马</a>
  <a>奥米伽</a>
  <a>奥秘</a>
  <a>奥尼色弗</a>
  <a>奥尼西慕</a>
  <a>奥挪</a>
  <a>奥斯尼</a>
  <a>奥斯尼人</a>
  <a>奥辖</a>
  <a>奥鲜</a>
  <a>巴阿拿</a>
  <a>巴巴甲</a>
  <a>巴比伦</a>
  <a>巴别</a>
  <a>巴别塔</a>
  <a>巴卜</a>
  <a>巴布迦</a>
  <a>巴旦</a>
  <a>巴顿</a>
  <a>巴多罗买</a>
  <a>巴哥斯</a>
  <a>巴哈鲁米人</a>
  <a>巴哈摩押</a>
  <a>巴户琳</a>
  <a>巴卡树</a>
  <a>巴拉</a>
  <a>巴拉巴</a>
  <a>巴拉但</a>
  <a>巴拉加</a>
  <a>巴拉迦</a>
  <a>巴拉特</a>
  <a>巴拉特比珥</a>
  <a>巴兰</a>
  <a>巴勒</a>
  <a>巴勒斯坦</a>
  <a>巴力</a>
  <a>巴力比拉辛</a>
  <a>巴力比利</a>
  <a>巴力哈蒙</a>
  <a>巴力哈南</a>
  <a>巴力黑门</a>
  <a>巴力迦得</a>
  <a>巴力梅安</a>
  <a>巴力萨分</a>
  <a>巴力沙利沙</a>
  <a>巴力塔玛</a>
  <a>巴力西卜</a>
  <a>巴力夏琐</a>
  <a>巴利</a>
  <a>巴利斯</a>
  <a>巴利亚</a>
  <a>巴列</a>
  <a>巴烈</a>
  <a>巴鲁米人</a>
  <a>巴录</a>
  <a>巴米拿</a>
  <a>巴末</a>
  <a>巴末巴力</a>
  <a>巴拿</a>
  <a>巴拿巴</a>
  <a>巴尼</a>
  <a>巴撒巴</a>
  <a>巴萨</a>
  <a>巴沙</a>
  <a>巴珊</a>
  <a>巴珊达他</a>
  <a>巴施户珥</a>
  <a>巴实抹</a>
  <a>巴斯达悯</a>
  <a>巴特罗</a>
  <a>巴提迈</a>
  <a>巴瓦伊</a>
  <a>巴乌</a>
  <a>巴西莱</a>
  <a>巴西雅</a>
  <a>巴西亚</a>
  <a>巴洗律</a>
  <a>巴耶稣</a>
  <a>芭拉</a>
  <a>拔拉宾</a>
  <a>拔摩</a>
  <a>拔示巴</a>
  <a>爸爸</a>
  <a>白发</a>
  <a>白蜡树</a>
  <a>白色</a>
  <a>百夫长</a>
  <a>百合</a>
  <a>百基拉</a>
  <a>百妮基</a>
  <a>柏树</a>
  <a>柏油</a>
  <a>拜偶像</a>
  <a>败坏山</a>
  <a>斑鸠</a>
  <a>斑马</a>
  <a>斑岩</a>
  <a>绑架</a>
  <a>棒</a>
  <a>磅</a>
  <a>包袱，行李</a>
  <a>包皮</a>
  <a>包头巾</a>
  <a>保存遗体</a>
  <a>保管</a>
  <a>保罗</a>
  <a>保姆</a>
  <a>保证</a>
  <a>宝库</a>
  <a>宝座，王位</a>
  <a>豹</a>
  <a>报血仇的人</a>
  <a>报应</a>
  <a>杯子</a>
  <a>悲痛</a>
  <a>鹎</a>
  <a>北</a>
  <a>贝拉</a>
  <a>贝内贝拉</a>
  <a>贝特</a>
  <a>贝乌拉</a>
  <a>背后中伤人</a>
  <a>被掳，放逐</a>
  <a>本</a>
  <a>本阿米</a>
  <a>本埃雅康</a>
  <a>本丢·彼拉多</a>
  <a>本都</a>
  <a>本俄尼</a>
  <a>本哈尔</a>
  <a>本哈南</a>
  <a>本琐赫</a>
  <a>本性，本质</a>
  <a>鼻环</a>
  <a>鼻子，鼻孔</a>
  <a>匕首</a>
  <a>匕首党徒</a>
  <a>比安</a>
  <a>比拜</a>
  <a>比伯实</a>
  <a>比达</a>
  <a>比达肃</a>
  <a>比大赫</a>
  <a>比大雅</a>
  <a>比但</a>
  <a>比底雅</a>
  <a>比东</a>
  <a>比敦</a>
  <a>比多宁</a>
  <a>比夺</a>
  <a>比珥</a>
  <a>比珥拉</a>
  <a>比珥拉海莱</a>
  <a>比珥以琳</a>
  <a>比尔罕</a>
  <a>比该</a>
  <a>比割</a>
  <a>比歌拉</a>
  <a>比革他</a>
  <a>比革瓦伊</a>
  <a>比哈希录</a>
  <a>比基利</a>
  <a>比基利人</a>
  <a>比加</a>
  <a>比加辖</a>
  <a>比迦</a>
  <a>比结</a>
  <a>比结人</a>
  <a>比卡特亚闻</a>
  <a>比拉</a>
  <a>比拉顿</a>
  <a>比拉迦</a>
  <a>比拉利</a>
  <a>比拉人</a>
  <a>比拉提</a>
  <a>比拉辛山</a>
  <a>比拉雅</a>
  <a>比莱雅</a>
  <a>比兰</a>
  <a>比勒达</a>
  <a>比勒太</a>
  <a>比里亚</a>
  <a>比利</a>
  <a>比利哈</a>
  <a>比利基雅</a>
  <a>比利施</a>
  <a>比利提人</a>
  <a>比利洗人</a>
  <a>比利雅达</a>
  <a>比利亚</a>
  <a>比利亚人</a>
  <a>比连</a>
  <a>比列</a>
  <a>比烈</a>
  <a>比路达</a>
  <a>比录</a>
  <a>比录·本埃雅康</a>
  <a>比录人</a>
  <a>比伦人</a>
  <a>比罗达巴拉但</a>
  <a>比罗特</a>
  <a>比拿雅</a>
  <a>比嫩</a>
  <a>比妮拿</a>
  <a>比尼努</a>
  <a>比尼亚</a>
  <a>比努伊勒</a>
  <a>比挪</a>
  <a>比撒</a>
  <a>比撒列</a>
  <a>比撒威</a>
  <a>比萨</a>
  <a>比色</a>
  <a>比沙</a>
  <a>比珊</a>
  <a>比施兰</a>
  <a>比施提拉</a>
  <a>比斯巴</a>
  <a>比斯迦</a>
  <a>比斯他</a>
  <a>比斯约提亚</a>
  <a>比梭溪谷</a>
  <a>比所玳</a>
  <a>比他希雅</a>
  <a>比坦</a>
  <a>比特</a>
  <a>比提雅</a>
  <a>比土珥</a>
  <a>比土力</a>
  <a>比乌利太</a>
  <a>比悉</a>
  <a>比逊</a>
  <a>比亚利雅</a>
  <a>比亚录</a>
  <a>比喻</a>
  <a>彼得</a>
  <a>彼得前书、后书</a>
  <a>彼珥</a>
  <a>彼拉</a>
  <a>彼拉多</a>
  <a>彼勒</a>
  <a>彼列</a>
  <a>彼土利</a>
  <a>彼息</a>
  <a>笔</a>
  <a>必达</a>
  <a>庇护</a>
  <a>庇护城</a>
  <a>庇推尼</a>
  <a>毕甲</a>
  <a>毕罗斯</a>
  <a>毕士特</a>
  <a>碧玉</a>
  <a>壁虎</a>
  <a>臂膀</a>
  <a>璧拉</a>
  <a>编织</a>
  <a>蝙蝠</a>
  <a>边界</a>
  <a>鞭打</a>
  <a>鞭子</a>
  <a>便哈达</a>
  <a>便雅悯</a>
  <a>便雅悯人</a>
  <a>变色龙</a>
  <a>标枪</a>
  <a>表兄弟姐妹</a>
  <a>别迦摩</a>
  <a>别示巴</a>
  <a>别西卜</a>
  <a>宾哈</a>
  <a>宾内</a>
  <a>冰</a>
  <a>冰雹</a>
  <a>兵舰</a>
  <a>兵器，盔甲</a>
  <a>饼</a>
  <a>病</a>
  <a>波阿斯1</a>
  <a>波阿斯2</a>
  <a>波罕</a>
  <a>波基路</a>
  <a>波金</a>
  <a>波拉珊</a>
  <a>波拉塔</a>
  <a>波求·非斯都</a>
  <a>波斯，波斯人</a>
  <a>波斯加</a>
  <a>波斯拉</a>
  <a>波提乏</a>
  <a>波提非拉</a>
  <a>波薛</a>
  <a>玻黑列-哈斯巴音</a>
  <a>玻璃</a>
  <a>拨出来当灭的</a>
  <a>伯安纳特</a>
  <a>伯巴拉</a>
  <a>伯巴力梅安</a>
  <a>伯比利</a>
  <a>伯比列</a>
  <a>伯大巴拉</a>
  <a>伯大衮</a>
  <a>伯大尼</a>
  <a>伯低比拉廷</a>
  <a>伯法其</a>
  <a>伯哈基琳</a>
  <a>伯哈兰</a>
  <a>伯和仑</a>
  <a>伯荷拉</a>
  <a>伯吉甲</a>
  <a>伯迦</a>
  <a>伯迦达</a>
  <a>伯迦末</a>
  <a>伯拉法</a>
  <a>伯拉斯都</a>
  <a>伯利巴奥</a>
  <a>伯利合</a>
  <a>伯利恒</a>
  <a>伯利恒人</a>
  <a>伯罗哥罗</a>
  <a>伯玛加博</a>
  <a>伯玛迦</a>
  <a>伯玛迦的亚伯</a>
  <a>伯梅安</a>
  <a>伯墨哈</a>
  <a>伯宁拉</a>
  <a>伯帕薛</a>
  <a>伯琵珥</a>
  <a>伯赛大</a>
  <a>伯沙撒</a>
  <a>伯善</a>
  <a>伯示麦</a>
  <a>伯示麦人</a>
  <a>伯示他</a>
  <a>伯他普亚</a>
  <a>伯特利</a>
  <a>伯特米罗</a>
  <a>伯提沙撒</a>
  <a>伯亚比勒</a>
  <a>伯亚拉巴</a>
  <a>伯亚诺</a>
  <a>伯亚斯玛弗</a>
  <a>伯亚闻</a>
  <a>伯耶施末</a>
  <a>伯伊甸</a>
  <a>伯伊麦</a>
  <a>伯以薛</a>
  <a>伯祖珥</a>
  <a>博尼格</a>
  <a>钹</a>
  <a>跛脚</a>
  <a>薄荷</a>
  <a>捕鸟人</a>
  <a>捕鱼</a>
  <a>不法</a>
  <a>不法的人</a>
  <a>不洁</a>
  <a>不洁的动物</a>
  <a>不能朽坏</a>
  <a>不偏心</a>
  <a>不死的生命</a>
  <a>不同族裔的人</a>
  <a>不义的钱财</a>
  <a>不育</a>
  <a>布</a>
  <a>布袋</a>
  <a>布基</a>
  <a>布基雅</a>
  <a>布勒月</a>
  <a>布拿</a>
  <a>布尼</a>
  <a>布斯</a>
  <a>布斯人</a>
  <a>布特人</a>
  <a>布田</a>
  <a>布西</a>
  <a>部百流</a>
  <a>部提奥利</a>
  <a>部族</a>
  <a> 财富</a>
  <a>裁判所</a>
  <a>彩虹</a>
  <a>采矿</a>
  <a>采石场，凿石处</a>
  <a>参孙</a>
  <a>餐，宴席</a>
  <a>残秆</a>
  <a>蚕豆</a>
  <a>仓库，库房</a>
  <a>苍蝇</a>
  <a>槽</a>
  <a>草</a>
  <a>册式抄本</a>
  <a>测锤</a>
  <a>策士</a>
  <a>叉铃</a>
  <a>察德</a>
  <a>缠丝玛瑙</a>
  <a>产痛</a>
  <a>谄媚，奉承</a>
  <a>铲子</a>
  <a>娼妓</a>
  <a>菖蒲</a>
  <a>长久忍耐</a>
  <a>肠</a>
  <a>唱歌</a>
  <a>抄经士，文书</a>
  <a>抄写员</a>
  <a>朝服</a>
  <a>车</a>
  <a>沉思</a>
  <a>沉思默想的诗</a>
  <a>沉香</a>
  <a>陈设饼</a>
  <a>尘土，尘埃</a>
  <a>称颂</a>
  <a>称义</a>
  <a>称赞</a>
  <a>柽柳</a>
  <a>成圣</a>
  <a>成熟</a>
  <a>呈献的饼</a>
  <a>城</a>
  <a>城堡</a>
  <a>耻辱，侮辱</a>
  <a>斥责</a>
  <a>崇拜</a>
  <a>虫</a>
  <a>重生</a>
  <a>抽签</a>
  <a>抽签节</a>
  <a>仇敌</a>
  <a>出埃及</a>
  <a>出埃及记</a>
  <a>出神状态</a>
  <a>出生</a>
  <a>锄</a>
  <a>雏鸽</a>
  <a>储货城</a>
  <a>处女，独身的人</a>
  <a>船</a>
  <a>船员</a>
  <a>传达信息</a>
  <a>传达异象的使者</a>
  <a>传道书</a>
  <a>传道者，传道</a>
  <a>传福音者</a>
  <a>传令官</a>
  <a>传说，无稽之谈</a>
  <a>传统</a>
  <a>窗（房屋的）</a>
  <a>窗格子</a>
  <a>窗口（方舟的）</a>
  <a>床</a>
  <a>创世记</a>
  <a>创造，创造物</a>
  <a>吹号日</a>
  <a>锤子，槌子</a>
  <a>慈悲</a>
  <a>次经</a>
  <a>刺</a>
  <a>刺棒</a>
  <a>刺草</a>
  <a>刺丛，荆棘</a>
  <a>刺花纹</a>
  <a>刺山柑</a>
  <a>刺藤，多刺的蔷薇</a>
  <a>刺绣</a>
  <a>赐福，称颂，祝福</a>
  <a>粗布</a>
  <a>粗麦</a>
  <a>醋</a>
  <a>村</a>
  <a>存放圣谕的帐幕</a>
  <a>错处，挑错</a>
  <a>搭模斯</a>
  <a>搭模斯月</a>
  <a>答巴俄</a>
  <a>答比妮</a>
  <a>答比匿</a>
  <a>达比拉</a>
  <a>达尔马提亚</a>
  <a>达分</a>
  <a>达昆</a>
  <a>达拉</a>
  <a>达莱特</a>
  <a>达马里</a>
  <a>达玛努他</a>
  <a>达迈</a>
  <a>达们</a>
  <a>达莫</a>
  <a>达拿</a>
  <a>达太</a>
  <a>达特奈</a>
  <a>打猎和捕鱼</a>
  <a>大巴比伦</a>
  <a>大巴设</a>
  <a>大衮</a>
  <a>大海</a>
  <a>大洪水</a>
  <a>大患难</a>
  <a>大茴香</a>
  <a>大祭司</a>
  <a>大理石</a>
  <a>大利拉</a>
  <a>大流士</a>
  <a>大路，路</a>
  <a>大马士革</a>
  <a>大马士革人</a>
  <a>大麦</a>
  <a>大拇指</a>
  <a>大群人</a>
  <a>大蛇泉</a>
  <a>大赦</a>
  <a>大使</a>
  <a>大数</a>
  <a>大树</a>
  <a>大蒜</a>
  <a>大坦</a>
  <a>大腿</a>
  <a>大卫</a>
  <a>大卫城</a>
  <a>代</a>
  <a>袋子</a>
  <a>戴胜鸟</a>
  <a>胆汁</a>
  <a>担子</a>
  <a>但</a>
  <a>但人</a>
  <a>但雅安</a>
  <a>但以理</a>
  <a>但以理书</a>
  <a>但以利</a>
  <a>当灭的，永远奉献的</a>
  <a>刀</a>
  <a>导师</a>
  <a>祷告</a>
  <a>道，道路</a>
  <a>稻草人</a>
  <a>得撒</a>
  <a>德卡波利斯</a>
  <a>德拉</a>
  <a>德提</a>
  <a>登城的歌</a>
  <a>灯</a>
  <a>灯台</a>
  <a>灯芯草</a>
  <a>灯芯钳</a>
  <a>狄特腓</a>
  <a>迪法特</a>
  <a>迪拉音</a>
  <a>笛子</a>
  <a>敌人</a>
  <a>底巴利雅</a>
  <a>底本</a>
  <a>底本迦得</a>
  <a>底比尔</a>
  <a>底波拉</a>
  <a>底伯利</a>
  <a>底但</a>
  <a>底甲</a>
  <a>底连</a>
  <a>底马</a>
  <a>底们</a>
  <a>底米特</a>
  <a>底摩拿</a>
  <a>底拿</a>
  <a>底撒哈</a>
  <a>底珊</a>
  <a>底顺</a>
  <a>抵押</a>
  <a>诋毁</a>
  <a>地，田地，野地</a>
  <a>地界</a>
  <a>地牢</a>
  <a>地球</a>
  <a>地鼠</a>
  <a>地狱</a>
  <a>地震</a>
  <a>弟兄</a>
  <a>第八调</a>
  <a>第伯拉</a>
  <a>第莱雅</a>
  <a>癫痫症</a>
  <a>殿役</a>
  <a>雕刻</a>
  <a>丁拿</a>
  <a>钉子</a>
  <a>订婚</a>
  <a>丢珥</a>
  <a>丢尼修</a>
  <a>东</a>
  <a>东方人</a>
  <a>东海</a>
  <a>东黎巴嫩山脉</a>
  <a>东门</a>
  <a>洞悉事理</a>
  <a>洞穴</a>
  <a>动人，优雅</a>
  <a>动物</a>
  <a>动作</a>
  <a>毒</a>
  <a>毒草</a>
  <a>毒疮</a>
  <a>毒麦，杂草，刺草</a>
  <a>毒蛇</a>
  <a>毒液</a>
  <a>独身</a>
  <a>独身的人</a>
  <a>独生</a>
  <a>髑髅地</a>
  <a>妒忌</a>
  <a>杜巴</a>
  <a>杜巴该隐</a>
  <a>杜达</a>
  <a>杜代</a>
  <a>杜多</a>
  <a>杜菲拿</a>
  <a>杜富莎</a>
  <a>杜鹃</a>
  <a>杜拉</a>
  <a>杜西拉</a>
  <a>肚子</a>
  <a>度量衡</a>
  <a>度玛</a>
  <a>渡鸦</a>
  <a>端庄</a>
  <a>断奶</a>
  <a>兑钱商</a>
  <a>盾牌</a>
  <a>多比雅</a>
  <a>多比亚</a>
  <a>多刺的蔷薇</a>
  <a>多达瓦</a>
  <a>多单</a>
  <a>多珥</a>
  <a>多加</a>
  <a>多卡</a>
  <a>多马</a>
  <a>多坦</a>
  <a>多益</a>
  <a>舵</a>
  <a>堕胎</a>
  <a>俄巴底亚</a>
  <a>俄巴底亚书</a>
  <a>俄巴路</a>
  <a>俄备得</a>
  <a>俄别以东</a>
  <a>俄得尼</a>
  <a>俄德</a>
  <a>俄珥巴</a>
  <a>俄斐</a>
  <a>俄斐勒</a>
  <a>俄弗拉</a>
  <a>俄弗尼</a>
  <a>俄兰</a>
  <a>俄立</a>
  <a>俄梅珥</a>
  <a>俄南</a>
  <a>俄楠</a>
  <a>俄陀聂</a>
  <a>蛾</a>
  <a>蛾摩拉</a>
  <a>额</a>
  <a>恶事，祸害</a>
  <a>厄法塔</a>
  <a>轭</a>
  <a>噩</a>
  <a>鹗</a>
  <a>鳄鱼</a>
  <a>儿女</a>
  <a>儿子</a>
  <a>耳巴奴</a>
  <a>耳朵</a>
  <a>耳光</a>
  <a>耳环</a>
  <a>耳聋</a>
  <a>耳坠子</a>
  <a>珥</a>
  <a>发酵</a>
  <a>发酵的面团</a>
  <a>发烧，热病</a>
  <a>法珥法河</a>
  <a>法老</a>
  <a>法勒</a>
  <a>法勒斯</a>
  <a>法勒斯乌撒</a>
  <a>法利赛派</a>
  <a>法令，判决</a>
  <a>法律</a>
  <a>法内勒</a>
  <a>法师</a>
  <a>法庭</a>
  <a>番红花</a>
  <a>翻译，解释</a>
  <a>反刍</a>
  <a>反叛</a>
  <a>犯法</a>
  <a>饭</a>
  <a>方舟</a>
  <a>芳香树胶</a>
  <a>房角石</a>
  <a>房屋，家</a>
  <a>纺杆</a>
  <a>纺纱</a>
  <a>放逐</a>
  <a>妃嫔</a>
  <a>非各</a>
  <a>非拉铁非</a>
  <a>非利士</a>
  <a>非罗罗古</a>
  <a>非尼哈</a>
  <a>非斯都</a>
  <a>非希腊人</a>
  <a>飞地</a>
  <a>飞鸟</a>
  <a>飞禽</a>
  <a>菲比</a>
  <a>菲尼斯</a>
  <a>肥皂</a>
  <a>腓吉路</a>
  <a>腓理徒</a>
  <a>腓力</a>
  <a>腓力斯</a>
  <a>腓立比</a>
  <a>腓立比书</a>
  <a>腓利门</a>
  <a>腓利门书</a>
  <a>腓尼基</a>
  <a>翡翠</a>
  <a>费音</a>
  <a>坟地</a>
  <a>坟墓</a>
  <a>粉笔</a>
  <a>分外恩典</a>
  <a>愤怒</a>
  <a>奋锐党</a>
  <a>粪便</a>
  <a>风</a>
  <a>风笛</a>
  <a>风茄</a>
  <a>风箱</a>
  <a>风信子石</a>
  <a>蜂巢</a>
  <a>疯狂</a>
  <a>缝制</a>
  <a>奉承</a>
  <a>奉献，捐献</a>
  <a>弗勒干</a>
  <a>弗里吉亚</a>
  <a>伏击</a>
  <a>服从</a>
  <a>服劳役</a>
  <a>服装</a>
  <a>俘虏</a>
  <a>俘掳</a>
  <a>福徒拿都</a>
  <a>斧头</a>
  <a>俯伏</a>
  <a>父家，宗族</a>
  <a>父亲</a>
  <a>副官</a>
  <a>妇女</a>
  <a>复仇，伸冤</a>
  <a>复活</a>
  <a>复兴</a>
  <a>该南</a>
  <a>该亚法</a>
  <a>该隐</a>
  <a>该犹</a>
  <a>改变形貌</a>
  <a>干尼</a>
  <a>甘大基</a>
  <a>甘松香</a>
  <a>甘松油</a>
  <a>肝</a>
  <a>橄榄</a>
  <a>橄榄山</a>
  <a>冈陵</a>
  <a>高傲</a>
  <a>高台</a>
  <a>高音，少女调</a>
  <a>高原</a>
  <a>高脂树</a>
  <a>睾丸</a>
  <a>膏油和香料</a>
  <a>膏立</a>
  <a>戈兰</a>
  <a>戈印</a>
  <a>哥拉逊</a>
  <a>哥莱雅</a>
  <a>哥林多</a>
  <a>哥林多前书、后书</a>
  <a>哥楠雅</a>
  <a>哥尼流</a>
  <a>哥尼雅</a>
  <a>哥桑</a>
  <a>哥斯</a>
  <a>哥西巴</a>
  <a>哥辖</a>
  <a>哥辖人</a>
  <a>哥亚</a>
  <a>割礼</a>
  <a>歌</a>
  <a>歌伯</a>
  <a>歌珥</a>
  <a>歌革</a>
  <a>歌利亚</a>
  <a>歌罗西</a>
  <a>歌罗西书</a>
  <a>歌篾</a>
  <a>歌散</a>
  <a>歌珊</a>
  <a>歌手</a>
  <a>歌斯比</a>
  <a>歌亚</a>
  <a>鸽子</a>
  <a>鸽子粪</a>
  <a>革迦撒人</a>
  <a>革莱</a>
  <a>革流巴</a>
  <a>革尼撒勒</a>
  <a>革舜</a>
  <a>革顺</a>
  <a>革顺人</a>
  <a>革夏纳欣</a>
  <a>格拉</a>
  <a>格拉森人</a>
  <a>格利</a>
  <a>隔离</a>
  <a>各各他</a>
  <a>根基</a>
  <a>耕种</a>
  <a>更</a>
  <a>工价</a>
  <a>工匠</a>
  <a>工钱，工价</a>
  <a>工作，行为</a>
  <a>弓</a>
  <a>弓箭手</a>
  <a>公公，岳父</a>
  <a>公鸡</a>
  <a>公开宣读</a>
  <a>公民</a>
  <a>公牛</a>
  <a>公议会</a>
  <a>公正</a>
  <a>公众教师</a>
  <a>宫殿</a>
  <a>钩刀</a>
  <a>钩子</a>
  <a>狗</a>
  <a>购赎，购赎者</a>
  <a>姑母姨母</a>
  <a>孤儿</a>
  <a>古珥</a>
  <a>古珥巴力</a>
  <a>古尼</a>
  <a>古尼人</a>
  <a>古蓬香胶</a>
  <a>古撒</a>
  <a>古沙雅</a>
  <a>古珊</a>
  <a>古珊利萨廷</a>
  <a>古实</a>
  <a>古实人</a>
  <a>古示</a>
  <a>古特</a>
  <a>谷</a>
  <a>谷歌大</a>
  <a>谷门</a>
  <a>骨髓</a>
  <a>骨头，骸骨</a>
  <a>谷仓</a>
  <a>谷祭</a>
  <a>雇工</a>
  <a>瓜</a>
  <a>寡妇</a>
  <a>挂虑</a>
  <a>挂在柱上</a>
  <a>官长</a>
  <a>冠冕</a>
  <a>管家</a>
  <a>管教</a>
  <a>管理安排</a>
  <a>灌木丛</a>
  <a>鹳</a>
  <a>光</a>
  <a>光源</a>
  <a>归信者</a>
  <a>桂皮</a>
  <a>贵橄榄石</a>
  <a>贵族</a>
  <a>柜，箱子</a>
  <a>锅</a>
  <a>国家民族</a>
  <a>国民</a>
  <a>过犯</a>
  <a>哈巴但拿</a>
  <a>哈巴谷</a>
  <a>哈巴谷书</a>
  <a>哈巴洗尼雅</a>
  <a>哈巴雅</a>
  <a>哈比悉</a>
  <a>哈波拿</a>
  <a>哈博</a>
  <a>哈达德</a>
  <a>哈达德琳门</a>
  <a>哈达德谢</a>
  <a>哈大沙</a>
  <a>哈大莎</a>
  <a>哈得拉</a>
  <a>哈得莱</a>
  <a>哈第</a>
  <a>哈多兰</a>
  <a>哈珥哈斯</a>
  <a>哈腓拉</a>
  <a>以色列人在旷野流浪</a>
  <a>圣经提到的植物</a>
  <a>哈弗连</a>
  <a>哈该</a>
  <a>哈该书</a>
  <a>哈歌斯</a>
  <a>哈革摩尼</a>
  <a>哈革摩尼人</a>
  <a>哈古巴</a>
  <a>哈海雅</a>
  <a>哈忽</a>
  <a>哈胡</a>
  <a>哈基</a>
  <a>哈基拉山</a>
  <a>哈基利</a>
  <a>哈基人</a>
  <a>哈基雅</a>
  <a>哈及</a>
  <a>哈加坦</a>
  <a>哈迦利亚</a>
  <a>哈甲</a>
  <a>哈甲巴</a>
  <a>哈拉</a>
  <a>哈拉大</a>
  <a>哈拉克山</a>
  <a>哈拉里人</a>
  <a>哈腊</a>
  <a>哈兰</a>
  <a>哈勒</a>
  <a>哈里弗</a>
  <a>哈里弗人</a>
  <a>哈利</a>
  <a>哈利路亚</a>
  <a>哈列的森林</a>
  <a>哈琳</a>
  <a>哈鲁斯</a>
  <a>哈路抹</a>
  <a>哈律</a>
  <a>哈律里人</a>
  <a>哈律人</a>
  <a>哈仑</a>
  <a>哈罗赫</a>
  <a>哈罗以</a>
  <a>哈马</a>
  <a>哈马琐巴</a>
  <a>哈曼</a>
  <a>哈们</a>
  <a>哈蒙</a>
  <a>哈米大他</a>
  <a>哈米吉多顿</a>
  <a>哈摩歌革</a>
  <a>哈摩利吉</a>
  <a>哈摩拿</a>
  <a>哈摩那</a>
  <a>哈抹</a>
  <a>哈末</a>
  <a>哈莫多珥</a>
  <a>哈姆勒</a>
  <a>哈姆利</a>
  <a>哈慕塔</a>
  <a>哈拿</a>
  <a>哈拿顿</a>
  <a>哈拿默</a>
  <a>哈拿尼</a>
  <a>哈拿尼雅</a>
  <a>哈南</a>
  <a>哈楠业</a>
  <a>哈内斯</a>
  <a>哈嫩</a>
  <a>哈尼弗</a>
  <a>哈诺</a>
  <a>哈诺人</a>
  <a>哈撒第雅</a>
  <a>哈撒哈提干</a>
  <a>哈萨迦大</a>
  <a>哈萨玛非</a>
  <a>哈萨舒亚</a>
  <a>哈萨苏撒</a>
  <a>哈萨苏辛</a>
  <a>哈萨亚达珥</a>
  <a>哈萨伊南</a>
  <a>哈赛雅</a>
  <a>哈沙</a>
  <a>哈沙比雅</a>
  <a>哈沙拿</a>
  <a>哈沙尼雅</a>
  <a>哈深</a>
  <a>哈舒巴</a>
  <a>哈述</a>
  <a>哈顺</a>
  <a>哈苏巴</a>
  <a>哈琐</a>
  <a>哈他革</a>
  <a>哈塔</a>
  <a>哈提达</a>
  <a>哈提法</a>
  <a>哈替</a>
  <a>哈突</a>
  <a>哈沃特崖珥</a>
  <a>哈西拿雅</a>
  <a>哈西努雅</a>
  <a>哈悉</a>
  <a>哈悉勒玻尼</a>
  <a>哈洗录</a>
  <a>哈洗逊塔玛</a>
  <a>哈辖斯他利</a>
  <a>哈薛</a>
  <a>哈以利弗</a>
  <a>孩子，儿女</a>
  <a>骸骨</a>
  <a>海</a>
  <a>海豹皮</a>
  <a>海岛</a>
  <a>海地斯</a>
  <a>海怪</a>
  <a>海绵</a>
  <a>海兽</a>
  <a>含</a>
  <a>汗</a>
  <a>汉尼业</a>
  <a>豪猪</a>
  <a>好消息</a>
  <a>好客</a>
  <a>浩兰</a>
  <a>号角，角</a>
  <a>号筒</a>
  <a>何巴</a>
  <a>何拔</a>
  <a>何达威</a>
  <a>何达威雅</a>
  <a>何大雅</a>
  <a>何珥哈吉甲</a>
  <a>何珥玛</a>
  <a>何珥山</a>
  <a>何弗拉</a>
  <a>何弗尼</a>
  <a>何兰</a>
  <a>何利</a>
  <a>何利人</a>
  <a>何琏</a>
  <a>何列沙</a>
  <a>何烈山</a>
  <a>何仑</a>
  <a>何罗念</a>
  <a>何萨</a>
  <a>何沙玛</a>
  <a>何沙雅</a>
  <a>何坦</a>
  <a>何特</a>
  <a>何提</a>
  <a>何西阿</a>
  <a>何西阿书</a>
  <a>何西亚</a>
  <a>何细亚</a>
  <a>何咸</a>
  <a>和好</a>
  <a>和仑人</a>
  <a>河流</a>
  <a>河马</a>
  <a>核桃树</a>
  <a>荷第雅</a>
  <a>荷拉</a>
  <a>荷幔</a>
  <a>贺得</a>
  <a>贺梅珥</a>
  <a>赫</a>
  <a>赫（希伯来字母译音）</a>
  <a>赫巴</a>
  <a>赫本</a>
  <a>赫耳墨斯</a>
  <a>赫兰</a>
  <a>赫玛</a>
  <a>赫莫其尼</a>
  <a>赫人</a>
  <a>赫舍汪月</a>
  <a>赫特</a>
  <a>黑门山</a>
  <a>黑桑树</a>
  <a>黑色</a>
  <a>恨</a>
  <a>宏特</a>
  <a>洪水</a>
  <a>红宝石</a>
  <a>红海</a>
  <a>红鹿</a>
  <a>红色</a>
  <a>喉咙</a>
  <a>后悔</a>
  <a>忽略</a>
  <a>狐狸</a>
  <a>胡巴</a>
  <a>胡割</a>
  <a>胡狼</a>
  <a>葫芦</a>
  <a>胡须</a>
  <a>户珥</a>
  <a>户范</a>
  <a>户割</a>
  <a>户莱</a>
  <a>户兰</a>
  <a>户勒</a>
  <a>户勒大</a>
  <a>户利</a>
  <a>户平</a>
  <a>户沙</a>
  <a>户沙人</a>
  <a>户筛</a>
  <a>户珊</a>
  <a>户伸</a>
  <a>护卫门</a>
  <a>花冠</a>
  <a>化装品</a>
  <a>话语</a>
  <a>怀里，胸前</a>
  <a>怀孕</a>
  <a>坏疽</a>
  <a>欢笑，嬉笑</a>
  <a>环，戒指</a>
  <a>幻象</a>
  <a>宦官，阉人</a>
  <a>患难</a>
  <a>荒漠</a>
  <a>黄道带</a>
  <a>黄瓜</a>
  <a>黄铜</a>
  <a>黄玉</a>
  <a>蝗虫</a>
  <a>谎话</a>
  <a>灰</a>
  <a>灰堆门</a>
  <a>灰浆</a>
  <a>灰泥</a>
  <a>灰石</a>
  <a>灰秃鹫</a>
  <a>回头</a>
  <a>虺蛇</a>
  <a>悔改，遗憾</a>
  <a>毁谤</a>
  <a>毁灭</a>
  <a>会幕</a>
  <a>会堂</a>
  <a>会众</a>
  <a>贿赂</a>
  <a>婚姻</a>
  <a>火</a>
  <a>火把</a>
  <a>火湖</a>
  <a>火剪</a>
  <a>火盘</a>
  <a>火盆</a>
  <a>火蛇</a>
  <a>火石，燧石</a>
  <a>祸害</a>
  <a>基巴珥</a>
  <a>基比阿</a>
  <a>基比顿</a>
  <a>基比亚</a>
  <a>基比亚哈拉罗</a>
  <a>基比亚人</a>
  <a>基遍</a>
  <a>基宾</a>
  <a>基伯先</a>
  <a>基博罗哈他瓦</a>
  <a>基达</a>
  <a>基大利</a>
  <a>基大利提</a>
  <a>基德</a>
  <a>基德人</a>
  <a>基底拉</a>
  <a>基底拉人</a>
  <a>基底罗</a>
  <a>基底罗他音</a>
  <a>基底玛</a>
  <a>基底莫</a>
  <a>基底斯</a>
  <a>基甸</a>
  <a>基督</a>
  <a>基督的敌人</a>
  <a>基督徒</a>
  <a>基杜拉</a>
  <a>基度劳玛</a>
  <a>基顿</a>
  <a>基多尼</a>
  <a>基法阿摩尼</a>
  <a>基非拉</a>
  <a>基哈西</a>
  <a>基拉</a>
  <a>基拉尔</a>
  <a>基拉尔溪谷</a>
  <a>基拉莱</a>
  <a>基拉雅</a>
  <a>基兰</a>
  <a>基里奥斯</a>
  <a>基立溪谷</a>
  <a>基利波山</a>
  <a>基利录</a>
  <a>基利司布</a>
  <a>基利他</a>
  <a>基利提人</a>
  <a>基利心山</a>
  <a>基利押</a>
  <a>基连</a>
  <a>基连哈朴</a>
  <a>基列</a>
  <a>基列的拉末</a>
  <a>基列的香脂</a>
  <a>基列的雅比</a>
  <a>基烈</a>
  <a>基烈巴力</a>
  <a>基烈胡琐</a>
  <a>基烈萨拿</a>
  <a>基烈廷</a>
  <a>基烈西费</a>
  <a>基烈亚巴</a>
  <a>基烈耶琳</a>
  <a>基禄</a>
  <a>基路拜</a>
  <a>基路伯天使</a>
  <a>基录</a>
  <a>基绿</a>
  <a>基伦</a>
  <a>基罗</a>
  <a>基罗人</a>
  <a>基洛</a>
  <a>基玛利</a>
  <a>基玛利雅</a>
  <a>基玛星座</a>
  <a>基迈</a>
  <a>基抹</a>
  <a>基穆理</a>
  <a>基拿</a>
  <a>基拿尼</a>
  <a>基拿尼雅</a>
  <a>基纳</a>
  <a>基纳拿</a>
  <a>基纳斯</a>
  <a>基尼</a>
  <a>基尼烈</a>
  <a>基尼人</a>
  <a>基尼洗人</a>
  <a>基努拔</a>
  <a>基撒仑</a>
  <a>基瑟</a>
  <a>基珊</a>
  <a>基善</a>
  <a>基士</a>
  <a>基示</a>
  <a>基示安</a>
  <a>基述</a>
  <a>基述人</a>
  <a>基顺溪谷</a>
  <a>基斯流月</a>
  <a>基斯伦</a>
  <a>基斯帕</a>
  <a>基苏律</a>
  <a>基孙人</a>
  <a>基他音</a>
  <a>基提</a>
  <a>基提利</a>
  <a>基帖</a>
  <a>基突</a>
  <a>基西</a>
  <a>基希拉特</a>
  <a>基洗亚</a>
  <a>基薛</a>
  <a>基训</a>
  <a>基亚</a>
  <a>基伊拉</a>
  <a>基兹人</a>
  <a>矶法</a>
  <a>矶汉拿</a>
  <a>鸡叫</a>
  <a>讥诮</a>
  <a>饥荒</a>
  <a>吉德</a>
  <a>吉顿</a>
  <a>吉珥</a>
  <a>吉珥哈列设</a>
  <a>吉甲</a>
  <a>吉梅</a>
  <a>吉纳</a>
  <a>吉斯罗他泊</a>
  <a>“吉提特”调</a>
  <a>汲沦溪谷</a>
  <a>疾病和治疗</a>
  <a>集会，会众</a>
  <a>嫉妒</a>
  <a>蒺藜</a>
  <a>妓女</a>
  <a>季节，时期</a>
  <a>季拉</a>
  <a>纪念碑</a>
  <a>纪念墓</a>
  <a>纪事诗</a>
  <a>计策，策士，谋士</a>
  <a>记号</a>
  <a>记事官</a>
  <a>寄居的人</a>
  <a>祭，祭物</a>
  <a>祭偶像的肉</a>
  <a>祭牲</a>
  <a>祭司</a>
  <a>祭司城</a>
  <a>继承产业</a>
  <a>继承人</a>
  <a>加百列</a>
  <a>加大拉人</a>
  <a>加低斯</a>
  <a>加低斯的米利巴</a>
  <a>加珥他</a>
  <a>加珥坦</a>
  <a>加各</a>
  <a>加甲</a>
  <a>加拉</a>
  <a>加拉太</a>
  <a>加拉太书</a>
  <a>加莱</a>
  <a>加利利</a>
  <a>加利利海</a>
  <a>加利亚</a>
  <a>加略</a>
  <a>加略人</a>
  <a>加略希斯伦</a>
  <a>加们</a>
  <a>加拿</a>
  <a>加沙</a>
  <a>加沙人</a>
  <a>加他</a>
  <a>佳港</a>
  <a>迦阿勒</a>
  <a>迦巴</a>
  <a>迦巴大</a>
  <a>迦巴勒</a>
  <a>迦巴鲁（河）</a>
  <a>迦百农</a>
  <a>迦拜</a>
  <a>迦本</a>
  <a>迦别</a>
  <a>迦布</a>
  <a>迦步勒</a>
  <a>迦得</a>
  <a>迦得人</a>
  <a>迦迪</a>
  <a>迦底</a>
  <a>迦叠</a>
  <a>迦尔卡</a>
  <a>迦斐托</a>
  <a>迦哈</a>
  <a>迦含</a>
  <a>迦基米施</a>
  <a>迦科</a>
  <a>迦拉</a>
  <a>迦勒</a>
  <a>迦勒得</a>
  <a>迦勒底</a>
  <a>迦勒挪</a>
  <a>迦勒人</a>
  <a>迦勒以法特</a>
  <a>迦立</a>
  <a>迦利侍卫</a>
  <a>迦琳</a>
  <a>迦流</a>
  <a>迦罗玛音</a>
  <a>迦玛列</a>
  <a>迦米人</a>
  <a>迦密</a>
  <a>迦密人</a>
  <a>迦末</a>
  <a>迦拿</a>
  <a>迦南</a>
  <a>迦尼</a>
  <a>迦散</a>
  <a>迦设拿</a>
  <a>迦实</a>
  <a>迦斯路希</a>
  <a>迦坦</a>
  <a>迦特</a>
  <a>迦特琳门</a>
  <a>迦特人</a>
  <a>迦特希弗</a>
  <a>迦温</a>
  <a>迦西斐雅</a>
  <a>迦谢</a>
  <a>枷</a>
  <a>枷锁</a>
  <a>家</a>
  <a>家谱</a>
  <a>家庭</a>
  <a>家族神像</a>
  <a>甲篾</a>
  <a>甲摩尼人</a>
  <a>甲薛</a>
  <a>假先知</a>
  <a>嫁接</a>
  <a>肩</a>
  <a>坚持己见</a>
  <a>坚革里</a>
  <a>坚固城</a>
  <a>坚忍，长久忍耐</a>
  <a>监督</a>
  <a>监护老师</a>
  <a>监牢</a>
  <a>剪除</a>
  <a>检视门</a>
  <a>硷</a>
  <a>建造者，建筑物</a>
  <a>建筑学</a>
  <a>僭越狂妄</a>
  <a>剑</a>
  <a>箭</a>
  <a>箭袋</a>
  <a>箭蛇</a>
  <a>疆界，边界</a>
  <a>将军</a>
  <a>桨</a>
  <a>交往</a>
  <a>焦油</a>
  <a>浇祭</a>
  <a>骄傲</a>
  <a>角</a>
  <a>角豆荚</a>
  <a>角门</a>
  <a>脚</a>
  <a>脚凳</a>
  <a>脚跟</a>
  <a>脚镣</a>
  <a>脚趾</a>
  <a>脚镯</a>
  <a>教导</a>
  <a>教诲</a>
  <a>教派</a>
  <a>教育</a>
  <a>酵</a>
  <a>轿子</a>
  <a>接生妇</a>
  <a>阶梯，梯子</a>
  <a>街</a>
  <a>结盟，结亲</a>
  <a>节</a>
  <a>节期，节日</a>
  <a>洁净</a>
  <a>姐妹，姊妹</a>
  <a>解释</a>
  <a>戒指</a>
  <a>芥</a>
  <a>借贷</a>
  <a>金</a>
  <a>金刚石，钻石</a>
  <a>金工</a>
  <a>金罕</a>
  <a>金合欢</a>
  <a>金尼顿</a>
  <a>金尼托</a>
  <a>金属</a>
  <a>金银合金</a>
  <a>金元（波斯的）</a>
  <a>津</a>
  <a>筋</a>
  <a>瑾琐</a>
  <a>锦葵</a>
  <a>浸礼</a>
  <a>进贡</a>
  <a>禁食</a>
  <a>禁卫军</a>
  <a>荆棘</a>
  <a>荆棘，刺</a>
  <a>荆棘丛</a>
  <a>经文护符匣</a>
  <a>经文楣铭</a>
  <a>经文匣子</a>
  <a>经线</a>
  <a>精神</a>
  <a>井</a>
  <a>颈手枷</a>
  <a>颈项</a>
  <a>敬奉</a>
  <a>敬虔，敬神，虔诚</a>
  <a>敬畏</a>
  <a>镜子</a>
  <a>竞技</a>
  <a>韭葱</a>
  <a>酒</a>
  <a>酒榨，油榨</a>
  <a>臼</a>
  <a>救济</a>
  <a>救赎</a>
  <a>救主</a>
  <a>就职礼</a>
  <a>舅舅</a>
  <a>《旧约》</a>
  <a>居间人</a>
  <a>居里纽</a>
  <a>居鲁士</a>
  <a>拘留</a>
  <a>巨人</a>
  <a>巨树</a>
  <a>剧场</a>
  <a>锯子</a>
  <a>惧怕</a>
  <a>捐献</a>
  <a>圈</a>
  <a>君侯</a>
  <a>君王</a>
  <a>均</a>
  <a>军队</a>
  <a>军官</a>
  <a>军团</a>
  <a>卡步</a>
  <a>卡弗</a>
  <a>卡米</a>
  <a>卡米人</a>
  <a>卡帕多西亚</a>
  <a>卡乌达</a>
  <a>卡因</a>
  <a>开除</a>
  <a>开心果</a>
  <a>凯撒</a>
  <a>凯撒里亚</a>
  <a>凯撒里亚·腓立比</a>
  <a>凯西星座</a>
  <a>凯旋队伍的游行</a>
  <a>铠甲</a>
  <a>慷慨</a>
  <a>糠</a>
  <a>考古学</a>
  <a>拷打</a>
  <a>烤，烤饼的人</a>
  <a>烤炉</a>
  <a>靠近上帝</a>
  <a>科珥班</a>
  <a>科弗</a>
  <a>科何西</a>
  <a>科斯</a>
  <a>可拉</a>
  <a>可拉人</a>
  <a>可利</a>
  <a>可憎之物</a>
  <a>克劳狄</a>
  <a>克劳狄·吕西亚</a>
  <a>克劳狄亚</a>
  <a>克勒士</a>
  <a>克雷芒</a>
  <a>克里特，克里特人</a>
  <a>克罗巴</a>
  <a>客店</a>
  <a>客人</a>
  <a>客西马尼</a>
  <a>坑</a>
  <a>孔雀</a>
  <a>口</a>
  <a>苦艾</a>
  <a>苦菜</a>
  <a>苦工</a>
  <a>苦刑柱</a>
  <a>库巴人</a>
  <a>库房</a>
  <a>夸图</a>
  <a>快乐</a>
  <a>宽恕</a>
  <a>狂欢</a>
  <a>旷野</a>
  <a>盔甲</a>
  <a>昆虫</a>
  <a>拉阿玛</a>
  <a>拉巴</a>
  <a>拉班</a>
  <a>拉比</a>
  <a>拉比多</a>
  <a>拉璧</a>
  <a>拉波尼</a>
  <a>拉大</a>
  <a>拉代</a>
  <a>拉但</a>
  <a>拉丁语</a>
  <a>拉法</a>
  <a>拉法雅</a>
  <a>拉孚</a>
  <a>拉贡</a>
  <a>拉哈</a>
  <a>拉哈伯</a>
  <a>拉哈勒</a>
  <a>拉哈米</a>
  <a>拉含</a>
  <a>拉吉</a>
  <a>拉甲</a>
  <a>拉结</a>
  <a>拉昆</a>
  <a>拉玛</a>
  <a>拉玛利希</a>
  <a>拉玛米斯巴</a>
  <a>拉玛人</a>
  <a>拉玛琐非</a>
  <a>拉麦</a>
  <a>拉曼</a>
  <a>拉梅德</a>
  <a>拉米雅</a>
  <a>拉米亚</a>
  <a>拉末</a>
  <a>拉撒路</a>
  <a>拉沙</a>
  <a>拉沙仑</a>
  <a>拉吴</a>
  <a>拉西亚</a>
  <a>拉伊勒</a>
  <a>拉亿</a>
  <a>喇合</a>
  <a>蜡</a>
  <a>莱撒</a>
  <a>蓝宝石</a>
  <a>蓝色</a>
  <a>篮子，箩筐</a>
  <a>兰</a>
  <a>兰塞</a>
  <a>懒惰</a>
  <a>狼</a>
  <a>廊子，门厅</a>
  <a>朗读</a>
  <a>牢狱</a>
  <a>劳役</a>
  <a>老底嘉</a>
  <a>老师，导师，教导</a>
  <a>烙印</a>
  <a>勒迦</a>
  <a>勒撒</a>
  <a>乐园</a>
  <a>雷</a>
  <a>雷什</a>
  <a>雷霆之子</a>
  <a>肋骨</a>
  <a>类</a>
  <a>犁</a>
  <a>犁地</a>
  <a>黎巴嫩林宫</a>
  <a>黎巴嫩山</a>
  <a>离婚</a>
  <a>离俗人</a>
  <a>篱笆</a>
  <a>里</a>
  <a>理番</a>
  <a>礼服</a>
  <a>礼物，赏赐</a>
  <a>力量，能力，异能</a>
  <a>立法者</a>
  <a>立加米</a>
  <a>立拿</a>
  <a>立尼</a>
  <a>立尼人</a>
  <a>利巴</a>
  <a>利巴奥</a>
  <a>利巴拿</a>
  <a>利百加</a>
  <a>利拜</a>
  <a>利比拉</a>
  <a>利比亚</a>
  <a>利波拿</a>
  <a>利都施人</a>
  <a>利乏音平原</a>
  <a>利乏音人</a>
  <a>利法</a>
  <a>利法特</a>
  <a>利法雅</a>
  <a>利法益</a>
  <a>利非订</a>
  <a>利哈比</a>
  <a>利哈比雅</a>
  <a>利合</a>
  <a>利荷博</a>
  <a>利荷博伊珥</a>
  <a>利宏</a>
  <a>利基安</a>
  <a>利迦</a>
  <a>利甲</a>
  <a>利甲人</a>
  <a>利坚</a>
  <a>利坚米勒</a>
  <a>利金</a>
  <a>利考尼亚</a>
  <a>利克希</a>
  <a>利来雅</a>
  <a>利玛利雅</a>
  <a>利篾</a>
  <a>利慕伊勒</a>
  <a>利努斯</a>
  <a>利撒</a>
  <a>利色</a>
  <a>利善</a>
  <a>利斯巴</a>
  <a>利提玛</a>
  <a>利未</a>
  <a>利未记</a>
  <a>利未人</a>
  <a>利未人的城</a>
  <a>利乌米人</a>
  <a>利希</a>
  <a>利息</a>
  <a>利悉</a>
  <a>利鲜</a>
  <a>利谢</a>
  <a>利迅</a>
  <a>利逊</a>
  <a>利亚</a>
  <a>利亚雅</a>
  <a>利以</a>
  <a>历法</a>
  <a>历代志上下</a>
  <a>沥青</a>
  <a>丽绚石</a>
  <a>怜悯</a>
  <a>怜恤</a>
  <a>镰刀</a>
  <a>脸</a>
  <a>炼净，冶金工人</a>
  <a>良善</a>
  <a>良心</a>
  <a>粮仓</a>
  <a>粮袋，行囊</a>
  <a>量篮</a>
  <a>量绳，准绳</a>
  <a>量桶</a>
  <a>两银元（币）</a>
  <a>列国的既定时期</a>
  <a>列王纪上下</a>
  <a>猎狗</a>
  <a>林拿</a>
  <a>琳门</a>
  <a>琳门法勒斯</a>
  <a>邻近的乡镇</a>
  <a>邻人</a>
  <a>临摩挪</a>
  <a>临在</a>
  <a>鳞片，鳞甲</a>
  <a>羚</a>
  <a>羚羊</a>
  <a>铃铛</a>
  <a>铃鼓</a>
  <a>灵体，圣灵，生命力，精神</a>
  <a>领导权</a>
  <a>领悟</a>
  <a>领袖，贵族，王子</a>
  <a>流产</a>
  <a>流珥</a>
  <a>流玛</a>
  <a>流亡之地</a>
  <a>硫磺</a>
  <a>柳树</a>
  <a>六</a>
  <a>龙</a>
  <a>笼子</a>
  <a>楼上的房间</a>
  <a>卢德</a>
  <a>芦苇</a>
  <a>炉子</a>
  <a>鸬鹚</a>
  <a>鲁孚</a>
  <a>鲁玛</a>
  <a>鲁希</a>
  <a>露水</a>
  <a>鹿</a>
  <a>路</a>
  <a>路程</a>
  <a>路得</a>
  <a>路得记</a>
  <a>路德，路德人</a>
  <a>路加</a>
  <a>路加福音</a>
  <a>路求</a>
  <a>路司得</a>
  <a>路斯</a>
  <a>鹭</a>
  <a>驴</a>
  <a>吕便</a>
  <a>吕达</a>
  <a>吕底亚</a>
  <a>吕基亚</a>
  <a>吕撒尼亚</a>
  <a>吕西亚</a>
  <a>律法，法律</a>
  <a>律例</a>
  <a>绿色</a>
  <a>绿松石</a>
  <a>绿玉髓</a>
  <a>绿柱石</a>
  <a>绿柱玉</a>
  <a>乱伦</a>
  <a>轮子</a>
  <a>罗阿米</a>
  <a>罗波安</a>
  <a>罗大</a>
  <a>罗单</a>
  <a>罗得</a>
  <a>罗得斯</a>
  <a>罗底巴</a>
  <a>罗革</a>
  <a>罗基琳</a>
  <a>罗迦</a>
  <a>罗路哈玛</a>
  <a>罗马</a>
  <a>罗马人</a>
  <a>罗马书</a>
  <a>罗幔提以谢</a>
  <a>罗实</a>
  <a>罗坦</a>
  <a>罗腾树</a>
  <a>罗以</a>
  <a>骡</a>
  <a>箩筐</a>
  <a>落成礼</a>
  <a>骆驼</a>
  <a>麻雀</a>
  <a>麻屑，麻线</a>
  <a>麻风</a>
  <a>马</a>
  <a>马车</a>
  <a>马大</a>
  <a>马但</a>
  <a>马耳他</a>
  <a>“马哈拉特”调</a>
  <a>马加丹</a>
  <a>马可</a>
  <a>马可福音</a>
  <a>马拉</a>
  <a>马勒古</a>
  <a>马利亚</a>
  <a>马门</a>
  <a>马念</a>
  <a>马其顿，马其顿人</a>
  <a>马太</a>
  <a>马太福音</a>
  <a>马提亚</a>
  <a>玛艾</a>
  <a>玛安</a>
  <a>玛比</a>
  <a>玛查鲁星座</a>
  <a>玛达他</a>
  <a>玛达塔</a>
  <a>玛代</a>
  <a>玛玳</a>
  <a>玛得米那</a>
  <a>玛得缅</a>
  <a>玛第雅</a>
  <a>玛顿</a>
  <a>玛俄</a>
  <a>玛歌革</a>
  <a>玛革提施</a>
  <a>玛哈</a>
  <a>玛哈拉</a>
  <a>玛哈莱</a>
  <a>玛哈尼但</a>
  <a>玛哈念</a>
  <a>玛哈未人</a>
  <a>玛哈修</a>
  <a>玛何</a>
  <a>玛何拉</a>
  <a>玛黑珥-沙拉勒-哈施-巴斯</a>
  <a>玛基</a>
  <a>玛基大</a>
  <a>玛基叠</a>
  <a>玛基兰</a>
  <a>玛基书雅</a>
  <a>玛基雅</a>
  <a>玛吉</a>
  <a>玛吉人</a>
  <a>玛吉希录</a>
  <a>玛迦</a>
  <a>玛迦人</a>
  <a>玛迦斯</a>
  <a>玛结</a>
  <a>玛结人</a>
  <a>玛拉</a>
  <a>玛拉基</a>
  <a>玛拉基书</a>
  <a>玛腊</a>
  <a>玛勒堪</a>
  <a>玛勒列</a>
  <a>玛里尔</a>
  <a>玛利沙</a>
  <a>玛陆</a>
  <a>玛陆基</a>
  <a>玛律</a>
  <a>玛伦</a>
  <a>玛罗提</a>
  <a>玛门</a>
  <a>玛拿底拜</a>
  <a>玛拿哈</a>
  <a>玛拿哈人</a>
  <a>玛拿西</a>
  <a>玛拿西人</a>
  <a>玛瑙</a>
  <a>玛挪亚</a>
  <a>玛撒</a>
  <a>玛萨</a>
  <a>玛赛</a>
  <a>玛沙</a>
  <a>玛施</a>
  <a>玛士利加</a>
  <a>玛斯</a>
  <a>玛他拿</a>
  <a>玛他提雅</a>
  <a>玛他提亚</a>
  <a>玛塔</a>
  <a>玛坦</a>
  <a>玛探雅</a>
  <a>玛特利人</a>
  <a>玛特列</a>
  <a>玛特奈</a>
  <a>玛土撒拉</a>
  <a>玛土撒利</a>
  <a>玛西拿</a>
  <a>玛西雅</a>
  <a>玛西亚</a>
  <a>玛希雅</a>
  <a>玛押</a>
  <a>蚂蚁</a>
  <a>吗哪</a>
  <a>埋葬，坟地</a>
  <a>买</a>
  <a>麦比拉</a>
  <a>麦秆</a>
  <a>麦基</a>
  <a>麦基洗德</a>
  <a>麦酒</a>
  <a>麦玛拿</a>
  <a>幔利</a>
  <a>盲，瞎眼</a>
  <a>毛</a>
  <a>毛虫</a>
  <a>矛</a>
  <a>矛手</a>
  <a>锚</a>
  <a>梅拉</a>
  <a>煤</a>
  <a>霉灾</a>
  <a>美门</a>
  <a>美索不达米亚</a>
  <a>美耶昆</a>
  <a>美意，善意</a>
  <a>门</a>
  <a>门（希伯来字母译音）</a>
  <a>门口</a>
  <a>门拿</a>
  <a>门闩，锁</a>
  <a>门厅</a>
  <a>门徒</a>
  <a>蒙头</a>
  <a>梦</a>
  <a>孟斐斯</a>
  <a>谜语，奥秘，隐语</a>
  <a>弥伯哈</a>
  <a>弥迦</a>
  <a>弥迦书</a>
  <a>弥克尼雅</a>
  <a>弥拿</a>
  <a>弥那</a>
  <a>弥尼</a>
  <a>弥赛亚</a>
  <a>弥施玛拿</a>
  <a>弥特尼人</a>
  <a>米本奈</a>
  <a>米比萨</a>
  <a>米比桑</a>
  <a>米彻</a>
  <a>米达</a>
  <a>米但</a>
  <a>米底巴</a>
  <a>米底亚人，米底亚</a>
  <a>米甸</a>
  <a>米俄尼念大树</a>
  <a>米法押</a>
  <a>米非波设</a>
  <a>米该雅</a>
  <a>米哥拿</a>
  <a>米何拉人</a>
  <a>米户幔</a>
  <a>米户雅利</a>
  <a>米基拉人</a>
  <a>米基利</a>
  <a>米基罗</a>
  <a>米矶仑</a>
  <a>米吉多</a>
  <a>米迦</a>
  <a>米迦勒</a>
  <a>米甲</a>
  <a>米拉</a>
  <a>米拉莱</a>
  <a>米拉利</a>
  <a>米拉利人</a>
  <a>米拉提亚</a>
  <a>米拉廷</a>
  <a>米拉雅</a>
  <a>米拉约</a>
  <a>米勒</a>
  <a>米勒堪</a>
  <a>米力</a>
  <a>米利暗</a>
  <a>米利巴</a>
  <a>米利巴力</a>
  <a>米利都</a>
  <a>米利末</a>
  <a>米利亚</a>
  <a>米连</a>
  <a>米列</a>
  <a>米伦水源</a>
  <a>米仑人</a>
  <a>米罗</a>
  <a>米罗达</a>
  <a>米罗达巴拉但</a>
  <a>米罗斯</a>
  <a>米罗土垒</a>
  <a>米玛</a>
  <a>米慕干</a>
  <a>米拿现</a>
  <a>米尼</a>
  <a>米匿</a>
  <a>米努哈人</a>
  <a>米挪泰</a>
  <a>米撒</a>
  <a>米萨合</a>
  <a>米沙</a>
  <a>米沙勒</a>
  <a>米沙利</a>
  <a>米煞</a>
  <a>米珊</a>
  <a>米设</a>
  <a>米施利米雅</a>
  <a>米施玛</a>
  <a>米实利密</a>
  <a>米实利末</a>
  <a>米示萨别</a>
  <a>米书兰</a>
  <a>米书利密</a>
  <a>米斯巴</a>
  <a>米斯拔</a>
  <a>米斯比列</a>
  <a>米斯利弗玛音</a>
  <a>米所巴</a>
  <a>米琐巴人</a>
  <a>米特亚玛</a>
  <a>米提利达</a>
  <a>米推利尼</a>
  <a>米乌尼人</a>
  <a>米希大</a>
  <a>米希泰别</a>
  <a>米雅敏</a>
  <a>米亚</a>
  <a>米亚拉</a>
  <a>秘密</a>
  <a>密大迦得</a>
  <a>密大伊勒</a>
  <a>密丁</a>
  <a>密多</a>
  <a>密加</a>
  <a>密迦</a>
  <a>密米他</a>
  <a>密抹，默玛</a>
  <a>密西莱人</a>
  <a>密细亚</a>
  <a>蜜，蜂巢</a>
  <a>蜜蜂</a>
  <a>棉花</a>
  <a>绵羊</a>
  <a>绵羊羔</a>
  <a>面颊</a>
  <a>面粉</a>
  <a>苗裔，种子</a>
  <a>民数记</a>
  <a>民政官，执法官</a>
  <a>敏雅敏</a>
  <a>名</a>
  <a>明亮之星</a>
  <a>命运之神</a>
  <a>摩第雅</a>
  <a>摩拉达</a>
  <a>摩雷</a>
  <a>摩利</a>
  <a>摩利设</a>
  <a>摩利亚</a>
  <a>摩洛</a>
  <a>摩撒</a>
  <a>摩萨</a>
  <a>摩西</a>
  <a>摩西拉</a>
  <a>摩西五经</a>
  <a>摩押</a>
  <a>摩押的吉珥</a>
  <a>魔法和巫术</a>
  <a>魔鬼</a>
  <a>魔羊</a>
  <a>抹比押</a>
  <a>抹利</a>
  <a>抹利人</a>
  <a>没药</a>
  <a>磨</a>
  <a>磨石</a>
  <a>末巴奈</a>
  <a>末比拿</a>
  <a>末大拉人马利亚</a>
  <a>末底改</a>
  <a>末期</a>
  <a>墨</a>
  <a>墨盒</a>
  <a>默玛</a>
  <a>谋士</a>
  <a>母腹</a>
  <a>母鸡</a>
  <a>母鹿</a>
  <a>母牛</a>
  <a>母牛犊</a>
  <a>母亲</a>
  <a>亩</a>
  <a>木匠</a>
  <a>木柱</a>
  <a>沐浴</a>
  <a>牧场</a>
  <a>牧人</a>
  <a>牧人的羊舍</a>
  <a>牧羊袋</a>
  <a>墓，墓地</a>
  <a>墓穴</a>
  <a>慕平</a>
  <a>慕示</a>
  <a>慕示人</a>
  <a>穆特拉本</a>
  <a>那鸿</a>
  <a>那鸿书</a>
  <a>拿安</a>
  <a>拿八</a>
  <a>拿比</a>
  <a>拿波尼度</a>
  <a>拿伯</a>
  <a>拿答</a>
  <a>拿单</a>
  <a>拿单米勒</a>
  <a>拿但业</a>
  <a>拿俄米</a>
  <a>拿非施</a>
  <a>拿弗杜希</a>
  <a>拿弗他利</a>
  <a>拿该</a>
  <a>拿哈</a>
  <a>拿哈拉</a>
  <a>拿哈莱</a>
  <a>拿哈列</a>
  <a>拿哈罗</a>
  <a>拿哈玛尼</a>
  <a>拿含</a>
  <a>拿鹤</a>
  <a>拿鸿</a>
  <a>拿军器的侍卫</a>
  <a>拿康</a>
  <a>拿拉</a>
  <a>拿莱</a>
  <a>拿兰</a>
  <a>拿玛</a>
  <a>拿玛人</a>
  <a>拿其苏</a>
  <a>拿撒勒</a>
  <a>拿撒勒人</a>
  <a>拿石头打死</a>
  <a>拿顺</a>
  <a>拿孙</a>
  <a>拿坦业</a>
  <a>拿辖</a>
  <a>拿因</a>
  <a>拿约</a>
  <a>纳坦香脂</a>
  <a>乃缦</a>
  <a>乃缦人</a>
  <a>奶</a>
  <a>奶油</a>
  <a>耐心</a>
  <a>男孩</a>
  <a>男女神祇</a>
  <a>南</a>
  <a>南地</a>
  <a>内臣</a>
  <a>内臣长</a>
  <a>内希洛特</a>
  <a>嫩</a>
  <a>能力</a>
  <a>尼巴拉</a>
  <a>尼百</a>
  <a>尼拜</a>
  <a>尼拜约</a>
  <a>尼波</a>
  <a>尼布甲尼撒</a>
  <a>尼布撒拉旦</a>
  <a>尼布沙斯班</a>
  <a>尼大比雅</a>
  <a>尼多斯</a>
  <a>尼珥</a>
  <a>尼发希，普绪克</a>
  <a>尼斐</a>
  <a>尼弗多亚</a>
  <a>尼哥</a>
  <a>尼哥波立</a>
  <a>尼哥大</a>
  <a>尼哥德慕</a>
  <a>尼哥拉</a>
  <a>尼哈</a>
  <a>尼宏</a>
  <a>尼护施泰</a>
  <a>尼迦挪</a>
  <a>尼甲</a>
  <a>尼甲沙利薛</a>
  <a>尼结</a>
  <a>尼利</a>
  <a>尼利雅</a>
  <a>尼利亚</a>
  <a>尼禄</a>
  <a>尼罗河</a>
  <a>尼罗河水道</a>
  <a>尼穆理</a>
  <a>尼穆理人</a>
  <a>尼尼微</a>
  <a>尼普辛</a>
  <a>尼瑞斯</a>
  <a>尼散月</a>
  <a>尼珊</a>
  <a>尼斯洛</a>
  <a>尼他音</a>
  <a>尼探雅</a>
  <a>尼陀法</a>
  <a>尼希兰</a>
  <a>尼希米</a>
  <a>尼希米记</a>
  <a>尼悉</a>
  <a>尼细亚</a>
  <a>尼亚</a>
  <a>尼亚波利</a>
  <a>尼业</a>
  <a>泥</a>
  <a>泥水匠</a>
  <a>年</a>
  <a>年代学</a>
  <a>年龄，岁数</a>
  <a>鸟</a>
  <a>宁法</a>
  <a>宁拉</a>
  <a>宁林</a>
  <a>宁录</a>
  <a>宁示</a>
  <a>牛，母牛</a>
  <a>牛犊</a>
  <a>牛膝草</a>
  <a>农（希伯来字母译音）</a>
  <a>农具</a>
  <a>农业</a>
  <a>奴隶</a>
  <a>怒气</a>
  <a>女儿</a>
  <a>女人，妇女</a>
  <a>女王，王后</a>
  <a>女先知</a>
  <a>娜亚</a>
  <a>挪巴</a>
  <a>挪伯</a>
  <a>挪城，挪阿蒙</a>
  <a>挪答人</a>
  <a>挪第雅</a>
  <a>挪法</a>
  <a>挪弗</a>
  <a>挪哈</a>
  <a>挪迦</a>
  <a>挪亚</a>
  <a>鸥</a>
  <a>偶像，拜偶像</a>
  <a>爬物</a>
  <a>爬行动物</a>
  <a>帕大拉</a>
  <a>帕福斯</a>
  <a>帕结</a>
  <a>帕拉</a>
  <a>帕拉赫</a>
  <a>帕莱</a>
  <a>帕兰</a>
  <a>帕列提人</a>
  <a>帕路</a>
  <a>帕路人</a>
  <a>帕路亚</a>
  <a>帕录</a>
  <a>帕罗巴</a>
  <a>帕玛斯他</a>
  <a>帕纳</a>
  <a>帕特鲁斯</a>
  <a>帕提</a>
  <a>帕提亚人</a>
  <a>帕铁</a>
  <a>帕子</a>
  <a>潘菲利亚</a>
  <a>磐石，岩石</a>
  <a>判决</a>
  <a>叛道</a>
  <a>叛乱</a>
  <a>叛徒</a>
  <a>袍服，礼服，朝服</a>
  <a>袍子</a>
  <a>跑差</a>
  <a>赔偿</a>
  <a>佩（希伯来字母译音）</a>
  <a>佩尔吉</a>
  <a>佩雷斯</a>
  <a>佩雷辛</a>
  <a>辔头</a>
  <a>盆子</a>
  <a>烹饪，烹饪器具</a>
  <a>朋友</a>
  <a>棚</a>
  <a>皮袋</a>
  <a>皮肤</a>
  <a>皮卷</a>
  <a>皮肉溃烂</a>
  <a>皮西迪亚</a>
  <a>琵珥</a>
  <a>琵珥山的巴力神</a>
  <a>辟探</a>
  <a>漂洗场</a>
  <a>漂洗工人</a>
  <a>贫穷</a>
  <a>聘金</a>
  <a>平安，和平，和睦</a>
  <a>平原</a>
  <a>瓶</a>
  <a>瓶，袋</a>
  <a>凭证</a>
  <a>苹果</a>
  <a>迫害</a>
  <a>铺石地</a>
  <a>葡萄</a>
  <a>葡萄园</a>
  <a>仆人</a>
  <a>普阿</a>
  <a>普查人口</a>
  <a>普珥</a>
  <a>普珥节</a>
  <a>普拉</a>
  <a>普勒</a>
  <a>普嫩</a>
  <a>普特</a>
  <a>普铁</a>
  <a>普瓦</a>
  <a>普瓦人</a>
  <a>普绪克</a>
  <a>七</a>
  <a>七七节</a>
  <a>七十个七的时期</a>
  <a>七天，星期</a>
  <a>妻子</a>
  <a>欺诈</a>
  <a>奇迹</a>
  <a>齐遍</a>
  <a>齐基利</a>
  <a>齐拉</a>
  <a>齐拿</a>
  <a>齐撒</a>
  <a>齐萨</a>
  <a>齐亚</a>
  <a>乞丐，讨饭</a>
  <a>起誓</a>
  <a>启示</a>
  <a>启示录</a>
  <a>启用礼，落成礼</a>
  <a>契据</a>
  <a>气息</a>
  <a>器皿，器具</a>
  <a>铅</a>
  <a>谦卑</a>
  <a>谦和</a>
  <a>谦逊，端庄</a>
  <a>签名</a>
  <a>虔诚</a>
  <a>荨麻</a>
  <a>钱</a>
  <a>钱袋，钱包，钱囊</a>
  <a>欠债的人</a>
  <a>枪</a>
  <a>强奸</a>
  <a>墙</a>
  <a>敲诈</a>
  <a>橇</a>
  <a>侨居的人</a>
  <a>妾，妃嫔</a>
  <a>窃贼</a>
  <a>亲近上帝，靠近上帝</a>
  <a>亲属，亲戚</a>
  <a>亲吻</a>
  <a>琴</a>
  <a>琴瑟</a>
  <a>勤奋</a>
  <a>青铜</a>
  <a>青蛙</a>
  <a>清洁，洁净</a>
  <a>清醒</a>
  <a>穹苍</a>
  <a>丘坛</a>
  <a>求恩盖</a>
  <a>酋长</a>
  <a>区</a>
  <a>蛆虫</a>
  <a>驱魔</a>
  <a>驱逐</a>
  <a>娶兄弟的遗孀</a>
  <a>圈饼</a>
  <a>圈套</a>
  <a>全能者</a>
  <a>全烧祭</a>
  <a>泉</a>
  <a>泉门</a>
  <a>权柄</a>
  <a>权杖</a>
  <a>缺陷</a>
  <a>群居生物</a>
  <a>燃料</a>
  <a>染料，染色</a>
  <a>热病</a>
  <a>热心</a>
  <a>热心人</a>
  <a>人</a>
  <a>人口登记</a>
  <a>人兽交</a>
  <a>人子</a>
  <a>仁慈</a>
  <a>忍耐</a>
  <a>韧带</a>
  <a>日</a>
  <a>日出，日落</a>
  <a>容器</a>
  <a>荣耀</a>
  <a>蝾螈</a>
  <a>揉面盆</a>
  <a>肉，肉体</a>
  <a>肉桂</a>
  <a>肉红玉髓</a>
  <a>肉食</a>
  <a>乳房，胸怀</a>
  <a>乳酪</a>
  <a>乳母，保姆</a>
  <a>乳香</a>
  <a>撒巴第业</a>
  <a>撒拔</a>
  <a>撒布</a>
  <a>撒布得</a>
  <a>撒但</a>
  <a>撒狄</a>
  <a>撒第</a>
  <a>撒都该派</a>
  <a>撒督</a>
  <a>撒法纳巴内亚</a>
  <a>撒番</a>
  <a>撒梵</a>
  <a>撒非拉</a>
  <a>撒弗</a>
  <a>撒弗他</a>
  <a>撒弗提迦</a>
  <a>撒该</a>
  <a>撒固</a>
  <a>撒罕</a>
  <a>撒迦</a>
  <a>撒迦利亚</a>
  <a>撒迦利亚书</a>
  <a>撒刻</a>
  <a>撒拉</a>
  <a>撒拉但</a>
  <a>撒拉弗天使</a>
  <a>撒拉铁</a>
  <a>撒来</a>
  <a>撒勒法</a>
  <a>撒勒迦</a>
  <a>撒冷</a>
  <a>撒立</a>
  <a>撒利但</a>
  <a>撒烈溪谷</a>
  <a>撒琳</a>
  <a>撒路</a>
  <a>撒罗</a>
  <a>撒罗米</a>
  <a>撒马利亚</a>
  <a>撒马利亚人</a>
  <a>撒玛</a>
  <a>撒缦</a>
  <a>撒缦以色</a>
  <a>撒门</a>
  <a>撒们</a>
  <a>撒摩拿</a>
  <a>撒摩尼</a>
  <a>撒默</a>
  <a>撒母耳</a>
  <a>撒母耳记上下</a>
  <a>撒慕拿</a>
  <a>撒南</a>
  <a>撒南宁</a>
  <a>撒挪亚</a>
  <a>撒萨</a>
  <a>撒素敏人</a>
  <a>撒西金</a>
  <a>撒益</a>
  <a>撒种</a>
  <a>萨巴</a>
  <a>萨拜</a>
  <a>萨尔贡</a>
  <a>萨非拉丘陵</a>
  <a>萨分</a>
  <a>萨分人</a>
  <a>萨凯</a>
  <a>萨拉</a>
  <a>萨拉非</a>
  <a>萨拉米斯</a>
  <a>萨莉斯</a>
  <a>萨利</a>
  <a>萨迈</a>
  <a>萨梅克</a>
  <a>萨米拉</a>
  <a>萨摩斯</a>
  <a>萨莫色雷斯</a>
  <a>萨图</a>
  <a>塞琉西亚</a>
  <a>塞浦路斯</a>
  <a>塞特</a>
  <a>赛耳底</a>
  <a>赛跑</a>
  <a>三旅馆</a>
  <a>散沫花</a>
  <a>桑巴拉</a>
  <a>桑甲尼波</a>
  <a>桑拉</a>
  <a>桑撒拿</a>
  <a>桑叶无花果树</a>
  <a>丧礼</a>
  <a>扫罗</a>
  <a>色弗尼</a>
  <a>森林</a>
  <a>沙</a>
  <a>沙本人</a>
  <a>沙比太</a>
  <a>沙宾</a>
  <a>沙得拉</a>
  <a>沙法</a>
  <a>沙番</a>
  <a>沙凡</a>
  <a>沙斐</a>
  <a>沙哈连</a>
  <a>沙哈洗玛</a>
  <a>沙基</a>
  <a>沙迦</a>
  <a>沙甲</a>
  <a>沙拉</a>
  <a>沙拉宾</a>
  <a>沙拉音</a>
  <a>沙莱</a>
  <a>沙利基</a>
  <a>沙利沙</a>
  <a>沙利薛</a>
  <a>沙砾</a>
  <a>沙列</a>
  <a>沙琳</a>
  <a>沙龙</a>
  <a>沙鲁亨</a>
  <a>沙伦</a>
  <a>沙仑</a>
  <a>沙仑人</a>
  <a>沙马</a>
  <a>沙玛</a>
  <a>沙麦</a>
  <a>沙迈</a>
  <a>沙密</a>
  <a>沙慕亚</a>
  <a>沙赛</a>
  <a>沙沙克</a>
  <a>沙示甲</a>
  <a>沙威沙</a>
  <a>沙微基烈廷</a>
  <a>沙微平原</a>
  <a>沙蜥蜴</a>
  <a>沙亚弗</a>
  <a>杀人</a>
  <a>杀人凶手</a>
  <a>山，山岳</a>
  <a>山鹑</a>
  <a>山冈，冈陵</a>
  <a>山岩</a>
  <a>山羊</a>
  <a>山羊羔</a>
  <a>山羊魔，魔羊</a>
  <a>珊合</a>
  <a>珊瑚</a>
  <a>珊迦</a>
  <a>珊玛</a>
  <a>珊示莱</a>
  <a>闪</a>
  <a>闪电</a>
  <a>善以别</a>
  <a>善意</a>
  <a>商人</a>
  <a>赏赐</a>
  <a>上帝，神</a>
  <a>上帝的恩赐</a>
  <a>上帝的儿子（们）</a>
  <a>上帝的话语</a>
  <a>上帝的王国</a>
  <a>上帝的以色列</a>
  <a>上帝是以色列的上帝</a>
  <a>上吊</a>
  <a>上膛</a>
  <a>少女</a>
  <a>少女调</a>
  <a>邵罗</a>
  <a>邵罗人</a>
  <a>舌头</a>
  <a>蛇</a>
  <a>舍巴尼雅</a>
  <a>舍伯那</a>
  <a>舍迦尼雅</a>
  <a>舍客勒</a>
  <a>舍穆理</a>
  <a>舍伊拉</a>
  <a>射手</a>
  <a>设巴萨</a>
  <a>设斐山</a>
  <a>赦免</a>
  <a>申拉</a>
  <a>申利</a>
  <a>申仑</a>
  <a>申仑米仑</a>
  <a>申仑人</a>
  <a>申命记</a>
  <a>申筛</a>
  <a>伸冤</a>
  <a>身体</a>
  <a>深红色</a>
  <a>深厚的感情</a>
  <a>神</a>
  <a>神迹，征象，凭证</a>
  <a>神木</a>
  <a>神圣秘密</a>
  <a>神性</a>
  <a>神柱</a>
  <a>审判</a>
  <a>审判官</a>
  <a>审判日</a>
  <a>审判座</a>
  <a>审讯</a>
  <a>肾</a>
  <a>升</a>
  <a>升天</a>
  <a>生命</a>
  <a>生命力</a>
  <a>生日</a>
  <a>生育</a>
  <a>声音，语声</a>
  <a>绳子，绳索</a>
  <a>省</a>
  <a>省长</a>
  <a>省长（波斯的）</a>
  <a>盛会之山</a>
  <a>剩余的人</a>
  <a>圣地</a>
  <a>圣殿</a>
  <a>圣褂</a>
  <a>圣会</a>
  <a>圣洁</a>
  <a>圣经</a>
  <a>圣经抄本</a>
  <a>圣经译本</a>
  <a>圣灵</a>
  <a>圣灵启示</a>
  <a>圣民，圣者</a>
  <a>圣幕</a>
  <a>圣签</a>
  <a>圣区</a>
  <a>圣所</a>
  <a>圣言</a>
  <a>施非拉</a>
  <a>施基仑</a>
  <a>施沙</a>
  <a>施舍</a>
  <a>施提莱</a>
  <a>施亚雅述</a>
  <a>师父希兰</a>
  <a>狮子</a>
  <a>狮子坑</a>
  <a>诗篇</a>
  <a>十</a>
  <a>十二使徒</a>
  <a>十分之一</a>
  <a>十分之一奉献</a>
  <a>十诫</a>
  <a>十字架</a>
  <a>什亭</a>
  <a>石灰</a>
  <a>石匠</a>
  <a>石榴</a>
  <a>石头</a>
  <a>拾取遗下的庄稼</a>
  <a>食物</a>
  <a>时候</a>
  <a>时期</a>
  <a>莳萝</a>
  <a>实弗米人</a>
  <a>实欣</a>
  <a>使地荒凉的可憎之物</a>
  <a>使徒</a>
  <a>使徒行传</a>
  <a>使者</a>
  <a>士兵</a>
  <a>士大古</a>
  <a>士基瓦</a>
  <a>士每拿</a>
  <a>士求·保罗</a>
  <a>士师</a>
  <a>士师记</a>
  <a>世界，世人</a>
  <a>世系记录，家谱</a>
  <a>市集广场</a>
  <a>示安（城）</a>
  <a>示安（山）</a>
  <a>示巴</a>
  <a>示巴（井）</a>
  <a>示巴琳</a>
  <a>示巴人</a>
  <a>示别</a>
  <a>示玻</a>
  <a>示播列</a>
  <a>示布业</a>
  <a>示达</a>
  <a>示达波斯奈</a>
  <a>示德珥</a>
  <a>示法</a>
  <a>示法提雅</a>
  <a>示番</a>
  <a>示非</a>
  <a>示哈利雅</a>
  <a>示剑</a>
  <a>示剑人</a>
  <a>示拉，示拉人</a>
  <a>示冷</a>
  <a>示利比雅</a>
  <a>示利米雅</a>
  <a>示利施</a>
  <a>示利斯</a>
  <a>示利希</a>
  <a>示路篾</a>
  <a>示罗</a>
  <a>示罗米</a>
  <a>示罗密</a>
  <a>示罗摩</a>
  <a>示罗人</a>
  <a>示马</a>
  <a>示玛</a>
  <a>示玛利雅</a>
  <a>示玛雅</a>
  <a>示每</a>
  <a>示每人</a>
  <a>示门</a>
  <a>示米阿</a>
  <a>示米暗</a>
  <a>示米达</a>
  <a>示米达人</a>
  <a>示米拉末</a>
  <a>示米利</a>
  <a>示米押</a>
  <a>示米押人</a>
  <a>示米亚</a>
  <a>示缅</a>
  <a>示拿</a>
  <a>示拿萨</a>
  <a>示纳</a>
  <a>示尼珥</a>
  <a>示撒</a>
  <a>示萨</a>
  <a>示沙</a>
  <a>示沙克</a>
  <a>示珊</a>
  <a>示坦</a>
  <a>示薛</a>
  <a>示押</a>
  <a>示亚利雅</a>
  <a>事奉</a>
  <a>侍卫</a>
  <a>饰带</a>
  <a>饰物</a>
  <a>饰针</a>
  <a>誓言</a>
  <a>誓愿</a>
  <a>收藏节</a>
  <a>收割</a>
  <a>收集捐款</a>
  <a>收纳做儿子</a>
  <a>收税人</a>
  <a>手</a>
  <a>手铐</a>
  <a>手磨</a>
  <a>手镯</a>
  <a>守殿官</a>
  <a>守门人</a>
  <a>守望的人</a>
  <a>守望台</a>
  <a>守卫</a>
  <a>首领，族长</a>
  <a>首饰</a>
  <a>受膏，膏立</a>
  <a>受膏者</a>
  <a>受苦</a>
  <a>授权</a>
  <a>寿命</a>
  <a>兽（有象征意义的）</a>
  <a>兽像</a>
  <a>叔伯，舅舅</a>
  <a>叔母伯母，姑母姨母</a>
  <a>书</a>
  <a>书巴业</a>
  <a>书珥</a>
  <a>书反</a>
  <a>书反人</a>
  <a>书哈</a>
  <a>书含</a>
  <a>书记</a>
  <a>书记的墨盒</a>
  <a>书记官</a>
  <a>书卷</a>
  <a>书拉密少女</a>
  <a>书玛人</a>
  <a>书尼</a>
  <a>书念</a>
  <a>书念人</a>
  <a>书平</a>
  <a>书珊</a>
  <a>书提拉</a>
  <a>书提拉人</a>
  <a>书信</a>
  <a>书雅</a>
  <a>书亚</a>
  <a>书亚人</a>
  <a>疏割</a>
  <a>疏割比纳</a>
  <a>疏忽，忽略</a>
  <a>舒亚</a>
  <a>赎价</a>
  <a>赎愆祭</a>
  <a>赎罪</a>
  <a>赎罪祭</a>
  <a>赎罪日</a>
  <a>束缚犯人的器具</a>
  <a>术士长</a>
  <a>数目，数字</a>
  <a>竖琴</a>
  <a>树丛，灌木丛</a>
  <a>树木</a>
  <a>霜</a>
  <a>水</a>
  <a>水池（没有盖的）</a>
  <a>水池（有盖的）</a>
  <a>水道</a>
  <a>水道池</a>
  <a>水晶</a>
  <a>水门</a>
  <a>水平仪</a>
  <a>水泉，泉</a>
  <a>水蛭</a>
  <a>睡觉</a>
  <a>睡铺</a>
  <a>顺从，顺服</a>
  <a>朔巴</a>
  <a>朔罢</a>
  <a>朔百</a>
  <a>朔拜</a>
  <a>朔比</a>
  <a>朔法</a>
  <a>朔含</a>
  <a>朔默</a>
  <a>朔亚</a>
  <a>司令</a>
  <a>司提法拿</a>
  <a>司提反</a>
  <a>私生子</a>
  <a>思考力</a>
  <a>思想</a>
  <a>斯播列</a>
  <a>斯多葛派</a>
  <a>斯尼人</a>
  <a>斯派</a>
  <a>斯他提</a>
  <a>斯塔迪安</a>
  <a>丝绸</a>
  <a>撕裂衣服</a>
  <a>死海</a>
  <a>死亡</a>
  <a>四</a>
  <a>饲槽</a>
  <a>颂赞诗篇</a>
  <a>苏法</a>
  <a>苏弗</a>
  <a>苏孚</a>
  <a>苏基人</a>
  <a>苏甲人</a>
  <a>苏利沙代</a>
  <a>苏列</a>
  <a>苏珊娜</a>
  <a>苏西</a>
  <a>苏辛人</a>
  <a>苏押</a>
  <a>苏亚</a>
  <a>俗语，寓言，笑谈</a>
  <a>诉讼，案件</a>
  <a>酸叶草</a>
  <a>岁数</a>
  <a>燧石</a>
  <a>隼</a>
  <a>梭</a>
  <a>梭迪</a>
  <a>梭哥</a>
  <a>梭烈溪谷</a>
  <a>梭琳</a>
  <a>所巴特</a>
  <a>所多玛</a>
  <a>所多玛的葡萄树</a>
  <a>所罗巴伯</a>
  <a>所罗门</a>
  <a>所罗门柱廊</a>
  <a>所提尼</a>
  <a>所西巴德</a>
  <a>琐安</a>
  <a>琐巴</a>
  <a>琐比巴</a>
  <a>琐珥</a>
  <a>琐发</a>
  <a>琐法</a>
  <a>琐非</a>
  <a>琐菲</a>
  <a>琐斐列</a>
  <a>琐赫</a>
  <a>琐拉</a>
  <a>琐拉人</a>
  <a>琐利人</a>
  <a>琐泰</a>
  <a>琐希列</a>
  <a>琐辖</a>
  <a>锁</a>
  <a>锁链</a>
  <a>他巴</a>
  <a>他贝拉</a>
  <a>他别</a>
  <a>他泊</a>
  <a>他珥他</a>
  <a>他革扪人</a>
  <a>他哈</a>
  <a>他罕</a>
  <a>他拉</a>
  <a>他连得</a>
  <a>他纳</a>
  <a>他普亚</a>
  <a>他施</a>
  <a>他廷合示</a>
  <a>他辖</a>
  <a>塔比莎</a>
  <a>塔利塔·库米</a>
  <a>塔利亚</a>
  <a>塔琳门</a>
  <a>塔楼，高台</a>
  <a>塔玛</a>
  <a>塔塔鲁斯</a>
  <a>塔乌</a>
  <a>塔亚拉</a>
  <a>榻</a>
  <a>太后</a>
  <a>太阳</a>
  <a>泰尔</a>
  <a>泰尔人</a>
  <a>泰法</a>
  <a>泰纳示罗</a>
  <a>贪婪</a>
  <a>贪食之徒</a>
  <a>贪心</a>
  <a>瘫痪</a>
  <a>坛</a>
  <a>檀香</a>
  <a>坦户篾</a>
  <a>炭</a>
  <a>探子</a>
  <a>堂兄弟姐妹，表兄弟姐妹</a>
  <a>陶匠</a>
  <a>陶匠的地</a>
  <a>陶泥，泥</a>
  <a>陶器碎片</a>
  <a>讨饭</a>
  <a>特庇</a>
  <a>特哈加</a>
  <a>特哈拿</a>
  <a>特拉赫</a>
  <a>特拉可尼</a>
  <a>特拉因</a>
  <a>特兰</a>
  <a>特伦</a>
  <a>特罗非摩</a>
  <a>特洛阿斯</a>
  <a>特特</a>
  <a>特瓦</a>
  <a>梯子</a>
  <a>提阿非罗</a>
  <a>提巴</a>
  <a>提备斯</a>
  <a>提比里亚</a>
  <a>提比略</a>
  <a>提比尼</a>
  <a>提别月</a>
  <a>提达</a>
  <a>提多</a>
  <a>提多书</a>
  <a>提弗萨</a>
  <a>提哥亚</a>
  <a>提哥亚人</a>
  <a>提革拉比列色（三世）</a>
  <a>提哈</a>
  <a>提客勒</a>
  <a>提拉</a>
  <a>提拉特人</a>
  <a>提勒阿撒</a>
  <a>提勒哈沙</a>
  <a>提勒加比尼色</a>
  <a>提勒米拉</a>
  <a>提勒亚笔</a>
  <a>提利</a>
  <a>提列</a>
  <a>提伦</a>
  <a>提马</a>
  <a>提玛</a>
  <a>提迈</a>
  <a>提幔</a>
  <a>提幔人</a>
  <a>提门</a>
  <a>提米尼</a>
  <a>提摩太</a>
  <a>提摩太前书、后书</a>
  <a>提斯比人</a>
  <a>提斯利月</a>
  <a>提提奥·犹士都</a>
  <a>提悉人</a>
  <a>提欣拿</a>
  <a>蹄兔</a>
  <a>鹈鹕</a>
  <a>剃</a>
  <a>剃刀</a>
  <a>天</a>
  <a>天鹅</a>
  <a>天后</a>
  <a>天空，穹苍</a>
  <a>天空，云霄</a>
  <a>天平</a>
  <a>天使</a>
  <a>天使长</a>
  <a>田地</a>
  <a>挑错</a>
  <a>条纹玛瑙</a>
  <a>跳鼠</a>
  <a>跳舞</a>
  <a>跳蚤</a>
  <a>帖撒罗尼迦</a>
  <a>帖撒罗尼迦前书、后书</a>
  <a>帖土罗</a>
  <a>铁</a>
  <a>听</a>
  <a>亭哈巴</a>
  <a>亭拿</a>
  <a>亭拿人</a>
  <a>亭拿希烈</a>
  <a>亭拿息拉</a>
  <a>亭纳</a>
  <a>停顿</a>
  <a>通奸</a>
  <a>通灵术</a>
  <a>通情达理</a>
  <a>同盟首领</a>
  <a>铜，黄铜，青铜</a>
  <a>铜海</a>
  <a>铜蛇</a>
  <a>瞳孔</a>
  <a>统帅</a>
  <a>统治者，官长</a>
  <a>痛苦</a>
  <a>偷窃</a>
  <a>投石带</a>
  <a>投石手</a>
  <a>头</a>
  <a>头带</a>
  <a>头发，毛</a>
  <a>头盔</a>
  <a>头生的</a>
  <a>头饰，头巾</a>
  <a>秃鹫</a>
  <a>秃头</a>
  <a>土地</a>
  <a>土垒，围墙</a>
  <a>“土明”</a>
  <a>吐唾沫</a>
  <a>推基古</a>
  <a>推拉诺</a>
  <a>推雅推拉</a>
  <a>腿</a>
  <a>腿筋</a>
  <a>退休</a>
  <a>托巴</a>
  <a>托巴亚多尼雅</a>
  <a>托勒密</a>
  <a>拖网</a>
  <a>脱谷</a>
  <a>陀斐特</a>
  <a>陀弗</a>
  <a>陀户</a>
  <a>陀迦玛</a>
  <a>陀健</a>
  <a>陀拉</a>
  <a>陀拉人</a>
  <a>陀腊</a>
  <a>陀乌</a>
  <a>陀亚</a>
  <a>陀以</a>
  <a>鸵鸟</a>
  <a>瓦（希伯来字母译音）</a>
  <a>瓦尼雅</a>
  <a>瓦实提</a>
  <a>瓦希伯</a>
  <a>瓦耶撒他</a>
  <a>外邦人</a>
  <a>外邦人，外国人</a>
  <a>外邦人的日期</a>
  <a>外人</a>
  <a>外衣</a>
  <a>外语</a>
  <a>外祖父母</a>
  <a>完美</a>
  <a>顽梗</a>
  <a>碗</a>
  <a>万古常在者</a>
  <a>万军之主耶和华</a>
  <a>万世</a>
  <a>万物重获新生</a>
  <a>王冠</a>
  <a>王国</a>
  <a>王后</a>
  <a>王家大道</a>
  <a>王位</a>
  <a>王杖</a>
  <a>王子</a>
  <a>网</a>
  <a>网罗</a>
  <a>威但</a>
  <a>围墙</a>
  <a>围裙</a>
  <a>违法献香火</a>
  <a>纬线</a>
  <a>未知的神</a>
  <a>畏惧</a>
  <a>胃</a>
  <a>温和</a>
  <a>温柔和蔼</a>
  <a>瘟疫</a>
  <a>文书</a>
  <a>蚊虫</a>
  <a>蚊子</a>
  <a>问好</a>
  <a>翁卡香</a>
  <a>窝</a>
  <a>蜗牛</a>
  <a>沃夫西</a>
  <a>握手</a>
  <a>巫师</a>
  <a>巫术</a>
  <a>屋顶房间</a>
  <a>乌法</a>
  <a>乌卡</a>
  <a>乌拉</a>
  <a>乌莱</a>
  <a>乌兰</a>
  <a>乌利</a>
  <a>乌利雅</a>
  <a>乌利亚</a>
  <a>乌列</a>
  <a>“乌陵”“土明”圣签</a>
  <a>乌玛</a>
  <a>乌木</a>
  <a>乌尼</a>
  <a>乌撒</a>
  <a>乌萨</a>
  <a>乌萨珥</a>
  <a>乌赛</a>
  <a>乌申舍伊拉</a>
  <a>乌斯</a>
  <a>乌泰</a>
  <a>乌西</a>
  <a>乌西雅</a>
  <a>乌西亚</a>
  <a>乌薛</a>
  <a>乌薛人</a>
  <a>乌益</a>
  <a>吾珥</a>
  <a>梧桐树</a>
  <a>无耻的行为</a>
  <a>无底深渊</a>
  <a>无花果</a>
  <a>无花果树</a>
  <a>无稽之谈</a>
  <a>无酵节</a>
  <a>无可指责</a>
  <a>五旬节</a>
  <a>武器</a>
  <a>侮辱</a>
  <a>悟性，领悟</a>
  <a>雾</a>
  <a>西</a>
  <a>西巴</a>
  <a>西巴第雅</a>
  <a>西班</a>
  <a>西班牙</a>
  <a>西比黛</a>
  <a>西比该</a>
  <a>西比玛</a>
  <a>西比拿</a>
  <a>西比雅</a>
  <a>西比亚</a>
  <a>西庇太</a>
  <a>西遍</a>
  <a>西伯莲</a>
  <a>西布勒</a>
  <a>西布伦</a>
  <a>西布伦人</a>
  <a>西答</a>
  <a>西达</a>
  <a>西底家</a>
  <a>西丁</a>
  <a>西订平原</a>
  <a>西顿</a>
  <a>西珥</a>
  <a>西发</a>
  <a>西法</a>
  <a>西法拉</a>
  <a>西法瓦音</a>
  <a>西法瓦音人</a>
  <a>西番雅</a>
  <a>西番雅书</a>
  <a>西斐安</a>
  <a>西斐仑</a>
  <a>西弗</a>
  <a>西弗人</a>
  <a>西弗月</a>
  <a>西割</a>
  <a>西公都</a>
  <a>西沽</a>
  <a>西瓜</a>
  <a>西哈</a>
  <a>西曷</a>
  <a>西曷立纳</a>
  <a>西宏</a>
  <a>西迦迦</a>
  <a>西克索人</a>
  <a>西拉</a>
  <a>西拉希雅</a>
  <a>西莱雅</a>
  <a>西利拉</a>
  <a>西利西亚</a>
  <a>西连</a>
  <a>西列</a>
  <a>西烈</a>
  <a>西烈人</a>
  <a>西鹿</a>
  <a>西罗非哈</a>
  <a>西罗雅</a>
  <a>西罗亚</a>
  <a>西玛迦</a>
  <a>西满</a>
  <a>西美</a>
  <a>西门</a>
  <a>西缅</a>
  <a>西缅人</a>
  <a>西拿基立</a>
  <a>西拿雅</a>
  <a>西纳</a>
  <a>西奈</a>
  <a>西尼</a>
  <a>西坡</a>
  <a>西坡拉</a>
  <a>西斯迈</a>
  <a>西坦</a>
  <a>西探</a>
  <a>西提利</a>
  <a>西提拿</a>
  <a>西帖</a>
  <a>西弯月</a>
  <a>西西拉</a>
  <a>西徐亚人</a>
  <a>西雅</a>
  <a>西伊伯</a>
  <a>西伊拉</a>
  <a>吸血蝇</a>
  <a>希别</a>
  <a>希别人</a>
  <a>希伯</a>
  <a>希伯来人</a>
  <a>希伯来书</a>
  <a>希伯来语</a>
  <a>《希伯来语经卷》</a>
  <a>希伯伦</a>
  <a>希伯伦人</a>
  <a>希伯仑</a>
  <a>希玳</a>
  <a>希戴</a>
  <a>希底结</a>
  <a>希俄斯</a>
  <a>希弗</a>
  <a>希弗人</a>
  <a>希该</a>
  <a>希迦庸</a>
  <a>希家</a>
  <a>希拉</a>
  <a>希拉波利斯</a>
  <a>希拉赫</a>
  <a>希腊，希腊人</a>
  <a>希腊语</a>
  <a>《希腊语经卷》</a>
  <a>希兰</a>
  <a>希勒</a>
  <a>希勒家</a>
  <a>希勒甲</a>
  <a>希勒甲哈素琳</a>
  <a>希勒凯</a>
  <a>希勒施</a>
  <a>希里</a>
  <a>希立</a>
  <a>希利弗</a>
  <a>希利斯</a>
  <a>希连</a>
  <a>希列</a>
  <a>希烈山，希烈</a>
  <a>希律</a>
  <a>希律党徒</a>
  <a>希伦</a>
  <a>希仑</a>
  <a>希罗底</a>
  <a>希罗天</a>
  <a>希曼</a>
  <a>希幔</a>
  <a>希拿</a>
  <a>希拿达</a>
  <a>希尼地</a>
  <a>希实本</a>
  <a>希实蒙</a>
  <a>希斯伦</a>
  <a>希斯伦人</a>
  <a>希斯罗</a>
  <a>希特伦</a>
  <a>希望</a>
  <a>希未人</a>
  <a>希西基</a>
  <a>希西家</a>
  <a>希息</a>
  <a>希悉</a>
  <a>希旬</a>
  <a>希伊勒</a>
  <a>希因</a>
  <a>昔拉</a>
  <a>昔兰尼</a>
  <a>息拉</a>
  <a>息末</a>
  <a>悉拉</a>
  <a>悉帕</a>
  <a>溪谷</a>
  <a>蜥蜴</a>
  <a>嬉笑</a>
  <a>膝，下跪</a>
  <a>锡</a>
  <a>锡安</a>
  <a>锡拉水池</a>
  <a>蟋蟀</a>
  <a>媳妇</a>
  <a>洗，洗澡，沐浴</a>
  <a>洗巴</a>
  <a>洗波音</a>
  <a>洗玻</a>
  <a>洗珥</a>
  <a>洗法</a>
  <a>洗法特</a>
  <a>洗革拉</a>
  <a>洗脚</a>
  <a>洗拉</a>
  <a>洗勒</a>
  <a>洗勒太</a>
  <a>洗礼</a>
  <a>洗利达</a>
  <a>洗列</a>
  <a>洗列沙哈</a>
  <a>洗鲁雅</a>
  <a>洗鲁亚</a>
  <a>洗罗</a>
  <a>洗玛利人</a>
  <a>洗玛连</a>
  <a>洗楠</a>
  <a>洗手</a>
  <a>洗斯</a>
  <a>洗衣工人，漂洗工人</a>
  <a>喜乐</a>
  <a>禧年</a>
  <a>细罢特月</a>
  <a>细麻</a>
  <a>细亚</a>
  <a>瞎眼</a>
  <a>瑕疵</a>
  <a>下拜</a>
  <a>下跪</a>
  <a>下体流液</a>
  <a>夏甲</a>
  <a>夏甲人</a>
  <a>夏罗设</a>
  <a>夏琐</a>
  <a>夏琐哈达他</a>
  <a>夏娃</a>
  <a>先见</a>
  <a>先行（开路）</a>
  <a>先知</a>
  <a>鲜红色</a>
  <a>闲话，毁谤</a>
  <a>弦琴</a>
  <a>咸草</a>
  <a>显现</a>
  <a>献殿节</a>
  <a>献身</a>
  <a>香</a>
  <a>香膏，香脂，基列的香脂</a>
  <a>香料</a>
  <a>香炉</a>
  <a>香木</a>
  <a>香囊</a>
  <a>香坛</a>
  <a>香桃木</a>
  <a>香苇</a>
  <a>香脂</a>
  <a>箱子</a>
  <a>象牙</a>
  <a>项链</a>
  <a>像</a>
  <a>鸮</a>
  <a>箫</a>
  <a>小扁豆</a>
  <a>小茴香</a>
  <a>小麦</a>
  <a>小米</a>
  <a>小时，时候，时刻</a>
  <a>小腿</a>
  <a>效忠</a>
  <a>笑谈</a>
  <a>蝎子</a>
  <a>邪恶</a>
  <a>邪灵</a>
  <a>邪灵附身</a>
  <a>协西巴</a>
  <a>鞋</a>
  <a>亵渎</a>
  <a>谢尔</a>
  <a>谢拉</a>
  <a>谢拉人</a>
  <a>谢撒</a>
  <a>心</a>
  <a>心利</a>
  <a>辛兰</a>
  <a>辛玛</a>
  <a>辛</a>
  <a>欣</a>
  <a>欣（希伯来字母译音）</a>
  <a>欣但</a>
  <a>欣嫩谷</a>
  <a>新芽</a>
  <a>新耶路撒冷</a>
  <a>新约</a>
  <a>《新约》</a>
  <a>新月节</a>
  <a>信使，驿使</a>
  <a>信心</a>
  <a>星</a>
  <a>星期</a>
  <a>刑罚</a>
  <a>行宫总管</a>
  <a>行李</a>
  <a>行囊</a>
  <a>行省</a>
  <a>行省总督</a>
  <a>行为</a>
  <a>行刑，行刑者</a>
  <a>杏树</a>
  <a>幸运</a>
  <a>幸运之神，命运之神</a>
  <a>兄弟，弟兄</a>
  <a>胸怀</a>
  <a>胸甲</a>
  <a>胸牌</a>
  <a>胸前</a>
  <a>熊</a>
  <a>修枝</a>
  <a>锈</a>
  <a>虚伪的人</a>
  <a>许米乃</a>
  <a>叙加</a>
  <a>叙拉古</a>
  <a>叙利亚</a>
  <a>叙利亚的腓尼基</a>
  <a>癣</a>
  <a>学生</a>
  <a>学校</a>
  <a>雪</a>
  <a>雪花石</a>
  <a>雪松</a>
  <a>血</a>
  <a>血地</a>
  <a>血债</a>
  <a>寻</a>
  <a>循都姬</a>
  <a>逊</a>
  <a>押比叠</a>
  <a>押卜</a>
  <a>押但</a>
  <a>押敦</a>
  <a>押顿</a>
  <a>押迦得</a>
  <a>押玛</a>
  <a>押玛他</a>
  <a>押们</a>
  <a>押拿</a>
  <a>押纳</a>
  <a>押尼珥</a>
  <a>押沙龙</a>
  <a>押莎</a>
  <a>押煞</a>
  <a>押朔</a>
  <a>牙齿</a>
  <a>崖珥</a>
  <a>崖珥人</a>
  <a>崖鲁</a>
  <a>雅</a>
  <a>雅阿薛</a>
  <a>雅比</a>
  <a>雅比尼</a>
  <a>雅比聂</a>
  <a>雅比斯</a>
  <a>雅伯</a>
  <a>雅博溪谷</a>
  <a>雅大</a>
  <a>雅代</a>
  <a>雅玳</a>
  <a>雅典</a>
  <a>雅叠</a>
  <a>雅杜亚</a>
  <a>雅顿</a>
  <a>雅多</a>
  <a>雅非亚</a>
  <a>雅弗</a>
  <a>雅弗勒</a>
  <a>雅弗勒人</a>
  <a>雅干</a>
  <a>雅哥巴</a>
  <a>雅歌</a>
  <a>雅各</a>
  <a>雅各泉</a>
  <a>雅各书</a>
  <a>雅姑珥</a>
  <a>雅哈</a>
  <a>雅哈悉</a>
  <a>雅基</a>
  <a>雅斤</a>
  <a>雅斤人</a>
  <a>雅金</a>
  <a>雅康</a>
  <a>雅拉</a>
  <a>雅蓝</a>
  <a>雅雷俄珥金</a>
  <a>雅立</a>
  <a>雅利</a>
  <a>雅利人</a>
  <a>雅利西</a>
  <a>雅列</a>
  <a>雅伦</a>
  <a>雅迈</a>
  <a>雅米勒</a>
  <a>雅悯</a>
  <a>雅悯人</a>
  <a>雅拿</a>
  <a>雅乃</a>
  <a>雅尼</a>
  <a>雅宁</a>
  <a>雅挪哈</a>
  <a>雅撒尼亚</a>
  <a>雅萨利拉</a>
  <a>雅扫</a>
  <a>《雅煞珥书》</a>
  <a>雅善</a>
  <a>雅舒比利恒</a>
  <a>雅述</a>
  <a>雅述人</a>
  <a>雅朔班</a>
  <a>雅提珥</a>
  <a>雅提聂</a>
  <a>雅万</a>
  <a>雅威</a>
  <a>雅西雅</a>
  <a>雅西业</a>
  <a>雅希细拉</a>
  <a>雅悉</a>
  <a>雅谢</a>
  <a>雅谢亚</a>
  <a>雅薛</a>
  <a>雅薛人</a>
  <a>雅亚拉</a>
  <a>雅亿</a>
  <a>雅杂</a>
  <a>亚巴1</a>
  <a>亚巴2</a>
  <a>亚巴顿</a>
  <a>亚巴琳</a>
  <a>亚巴人</a>
  <a>亚拔他</a>
  <a>亚罢拿河</a>
  <a>亚办</a>
  <a>亚比</a>
  <a>亚比达</a>
  <a>亚比旦</a>
  <a>亚比该</a>
  <a>亚比哈</a>
  <a>亚比忽</a>
  <a>亚比户</a>
  <a>亚比兰</a>
  <a>亚比勒楼堡</a>
  <a>亚比利</a>
  <a>亚比利尼</a>
  <a>亚比玛珥</a>
  <a>亚比米勒</a>
  <a>亚比拿达</a>
  <a>亚比挪因</a>
  <a>亚比莎</a>
  <a>亚比筛</a>
  <a>亚比书</a>
  <a>亚比述</a>
  <a>亚比泰</a>
  <a>亚比突</a>
  <a>亚比乌市集广场</a>
  <a>亚比雅</a>
  <a>亚比亚本</a>
  <a>亚比亚撒</a>
  <a>亚比亚他</a>
  <a>亚比央</a>
  <a>亚比以谢</a>
  <a>亚比以谢人</a>
  <a>亚比育</a>
  <a>亚笔月</a>
  <a>亚遍</a>
  <a>亚别</a>
  <a>亚波罗</a>
  <a>亚玻伦</a>
  <a>亚伯</a>
  <a>亚伯伯玛迦</a>
  <a>亚伯底</a>
  <a>亚伯叠</a>
  <a>亚伯基拉明</a>
  <a>亚伯拉罕</a>
  <a>亚伯兰</a>
  <a>亚伯玛音</a>
  <a>亚伯米何拉</a>
  <a>亚伯米连</a>
  <a>亚伯尼哥</a>
  <a>亚伯什亭</a>
  <a>亚布大</a>
  <a>亚察</a>
  <a>亚达珥</a>
  <a>亚达薛西</a>
  <a>亚达月</a>
  <a>亚大达</a>
  <a>亚大利</a>
  <a>亚大利雅</a>
  <a>亚大玛</a>
  <a>亚大米尼吉</a>
  <a>亚大米田</a>
  <a>亚大雅</a>
  <a>亚黛</a>
  <a>亚当</a>
  <a>亚得列</a>
  <a>亚得米勒</a>
  <a>亚德</a>
  <a>亚德别</a>
  <a>亚德人</a>
  <a>亚底</a>
  <a>亚底挪</a>
  <a>亚底他音</a>
  <a>亚底业</a>
  <a>亚第来</a>
  <a>亚第拿</a>
  <a>亚丁</a>
  <a>亚都悯</a>
  <a>亚杜兰</a>
  <a>亚多莱音</a>
  <a>亚多兰</a>
  <a>亚多尼比色</a>
  <a>亚多尼干</a>
  <a>亚多尼兰</a>
  <a>亚多尼洗德</a>
  <a>亚多尼雅</a>
  <a>亚珥</a>
  <a>亚珥拔</a>
  <a>亚珥歌伯</a>
  <a>亚法撒</a>
  <a>亚非加</a>
  <a>亚非克</a>
  <a>亚菲亚</a>
  <a>亚斐亚</a>
  <a>亚弗革</a>
  <a>亚弗拉</a>
  <a>亚该古</a>
  <a>亚该亚</a>
  <a>亚干</a>
  <a>亚割</a>
  <a>亚革波</a>
  <a>亚革大马</a>
  <a>亚革悉</a>
  <a>亚古珥</a>
  <a>亚哈</a>
  <a>亚哈拜</a>
  <a>亚哈黑</a>
  <a>亚哈拉</a>
  <a>亚哈赛</a>
  <a>亚哈斯</a>
  <a>亚哈随鲁</a>
  <a>亚哈瓦</a>
  <a>亚哈谢</a>
  <a>亚何亚</a>
  <a>亚赫</a>
  <a>亚黑拉</a>
  <a>亚户买</a>
  <a>亚户撒</a>
  <a>亚户萨</a>
  <a>亚基</a>
  <a>亚基布</a>
  <a>亚基帕</a>
  <a>亚基人</a>
  <a>亚吉</a>
  <a>亚迦布</a>
  <a>亚甲</a>
  <a>亚甲人</a>
  <a>亚金</a>
  <a>亚居拉</a>
  <a>亚喀巴湾</a>
  <a>亚卡</a>
  <a>亚科</a>
  <a>亚克拉宾</a>
  <a>亚拉</a>
  <a>亚拉巴</a>
  <a>亚拉巴谷</a>
  <a>亚拉巴人</a>
  <a>亚拉得</a>
  <a>亚拉赫</a>
  <a>亚拉腊</a>
  <a>亚拉米勒</a>
  <a>亚莱</a>
  <a>亚兰</a>
  <a>亚劳拿</a>
  <a>亚勒</a>
  <a>亚勒腓</a>
  <a>亚勒瓦</a>
  <a>亚勒文</a>
  <a>亚里达</a>
  <a>亚里达古</a>
  <a>亚里斯多博</a>
  <a>亚利大他</a>
  <a>亚利代</a>
  <a>亚利马太</a>
  <a>亚利赛</a>
  <a>亚利耶</a>
  <a>亚利伊勒</a>
  <a>亚历山大</a>
  <a>亚历山大（城）</a>
  <a>亚列利</a>
  <a>亚隆</a>
  <a>亚隆巴古</a>
  <a>亚鲁博</a>
  <a>亚鲁玛</a>
  <a>亚录</a>
  <a>亚律</a>
  <a>亚略</a>
  <a>亚略巴古</a>
  <a>亚伦</a>
  <a>亚罗珥</a>
  <a>亚罗珥人</a>
  <a>亚麻</a>
  <a>亚玛</a>
  <a>亚玛力</a>
  <a>亚玛利雅</a>
  <a>亚玛拿</a>
  <a>亚玛撒</a>
  <a>亚玛赛</a>
  <a>亚玛筛</a>
  <a>亚玛斯雅</a>
  <a>亚玛谢</a>
  <a>亚曼</a>
  <a>亚门</a>
  <a>亚门低比拉廷</a>
  <a>亚扪</a>
  <a>亚扪尼人</a>
  <a>亚扪人</a>
  <a>亚们</a>
  <a>亚米</a>
  <a>亚米忽</a>
  <a>亚米利</a>
  <a>亚米拿达</a>
  <a>亚米沙代</a>
  <a>亚米太</a>
  <a>亚摩答</a>
  <a>亚摩利人</a>
  <a>亚摩尼</a>
  <a>亚摩斯</a>
  <a>亚抹</a>
  <a>亚木</a>
  <a>亚拿</a>
  <a>亚拿伯</a>
  <a>亚拿哈拉</a>
  <a>亚拿米勒</a>
  <a>亚拿米人</a>
  <a>亚拿尼</a>
  <a>亚拿尼雅</a>
  <a>亚拿尼亚</a>
  <a>亚拿突</a>
  <a>亚拿突人</a>
  <a>亚那</a>
  <a>亚纳</a>
  <a>亚纳人</a>
  <a>亚奈</a>
  <a>亚奈雅</a>
  <a>亚南</a>
  <a>亚嫩溪谷</a>
  <a>亚尼安</a>
  <a>亚年</a>
  <a>亚念</a>
  <a>亚诺</a>
  <a>亚撒</a>
  <a>亚撒黑</a>
  <a>亚撒利雅</a>
  <a>亚撒列</a>
  <a>亚撒西雅</a>
  <a>亚撒雅</a>
  <a>亚撒兹</a>
  <a>亚萨</a>
  <a>亚萨利</a>
  <a>亚萨列</a>
  <a>亚散尼</a>
  <a>亚珊</a>
  <a>亚舍拉</a>
  <a>亚设</a>
  <a>亚设人</a>
  <a>亚施比拿</a>
  <a>亚施法</a>
  <a>亚施户</a>
  <a>亚实比</a>
  <a>亚实别</a>
  <a>亚实基伦</a>
  <a>亚实基伦人</a>
  <a>亚实基拿</a>
  <a>亚实拿</a>
  <a>亚实突</a>
  <a>亚实突人</a>
  <a>亚示玛</a>
  <a>亚书利人</a>
  <a>亚舒利人</a>
  <a>亚述</a>
  <a>亚述巴尼拔</a>
  <a>亚斯利甘</a>
  <a>亚斯列</a>
  <a>亚斯烈</a>
  <a>亚斯烈人</a>
  <a>亚斯玛弗</a>
  <a>亚斯拿</a>
  <a>亚斯那巴</a>
  <a>亚斯纳他泊</a>
  <a>亚斯帕他</a>
  <a>亚斯他禄</a>
  <a>亚斯他罗</a>
  <a>亚斯他罗加宁</a>
  <a>亚斯他罗人</a>
  <a>亚所</a>
  <a>亚他利雅</a>
  <a>亚他临</a>
  <a>亚他罗伯约押</a>
  <a>亚他罗朔凡</a>
  <a>亚他雅</a>
  <a>亚塔</a>
  <a>亚塔拉</a>
  <a>亚塔罗</a>
  <a>亚塔罗亚达珥</a>
  <a>亚泰</a>
  <a>亚特</a>
  <a>亚提马</a>
  <a>亚瓦</a>
  <a>亚瓦底</a>
  <a>亚瓦底人</a>
  <a>亚瓦人</a>
  <a>亚维</a>
  <a>亚卫人，亚卫</a>
  <a>亚闻</a>
  <a>亚西加</a>
  <a>亚西娜</a>
  <a>亚西撒</a>
  <a>亚希</a>
  <a>亚希暗</a>
  <a>亚希多弗</a>
  <a>亚希甘</a>
  <a>亚希忽</a>
  <a>亚希拉</a>
  <a>亚希兰</a>
  <a>亚希兰人</a>
  <a>亚希律</a>
  <a>亚希玛斯</a>
  <a>亚希幔</a>
  <a>亚希米勒</a>
  <a>亚希摩</a>
  <a>亚希拿达</a>
  <a>亚希暖</a>
  <a>亚希撒末</a>
  <a>亚希沙</a>
  <a>亚希沙哈</a>
  <a>亚希突</a>
  <a>亚希雅</a>
  <a>亚希以谢</a>
  <a>亚希约</a>
  <a>亚悉</a>
  <a>亚惜</a>
  <a>亚细亚</a>
  <a>亚现</a>
  <a>亚薛</a>
  <a>亚逊其图</a>
  <a>亚雅</a>
  <a>亚雅仑</a>
  <a>亚因</a>
  <a>胭红</a>
  <a>烟</a>
  <a>阉人</a>
  <a>芫荽的种子</a>
  <a>岩羚羊</a>
  <a>岩蔷薇胶</a>
  <a>岩石</a>
  <a>颜色</a>
  <a>盐</a>
  <a>盐城</a>
  <a>盐谷</a>
  <a>盐海</a>
  <a>眼睛</a>
  <a>眼镜蛇</a>
  <a>眼药</a>
  <a>鼹鼠</a>
  <a>宴席</a>
  <a>燕子</a>
  <a>羊圈</a>
  <a>羊毛</a>
  <a>羊门</a>
  <a>洋葱</a>
  <a>扬谷</a>
  <a>杨布</a>
  <a>杨树</a>
  <a>杨树溪谷</a>
  <a>腰</a>
  <a>腰带</a>
  <a>摇祭</a>
  <a>窑</a>
  <a>药蜀葵</a>
  <a>钥匙</a>
  <a>椰枣</a>
  <a>耶比利加</a>
  <a>耶宾</a>
  <a>耶布斯</a>
  <a>耶大雅</a>
  <a>耶迪大</a>
  <a>耶底底亚</a>
  <a>耶叠</a>
  <a>耶杜顿</a>
  <a>耶弗他</a>
  <a>耶孚尼</a>
  <a>耶哥尼雅</a>
  <a>耶古铁</a>
  <a>耶哈</a>
  <a>耶哈利勒</a>
  <a>耶何阿达</a>
  <a>耶何哈南</a>
  <a>耶何拿单</a>
  <a>耶何雅立</a>
  <a>耶何耶大</a>
  <a>耶和华</a>
  <a>耶和华的日子</a>
  <a>耶和华的缩写式</a>
  <a>《耶和华的战记》</a>
  <a>耶和华临在之城</a>
  <a>耶和华尼西</a>
  <a>耶和华沙龙</a>
  <a>耶和华是我们的正义之源</a>
  <a>耶和华以勒</a>
  <a>耶户</a>
  <a>耶户巴</a>
  <a>耶户得</a>
  <a>耶加米雅</a>
  <a>耶加面</a>
  <a>耶可利雅</a>
  <a>耶拉</a>
  <a>耶拉篾</a>
  <a>耶拉篾人</a>
  <a>耶勒</a>
  <a>耶利</a>
  <a>耶利拜</a>
  <a>耶利哥</a>
  <a>耶利迈</a>
  <a>耶利米</a>
  <a>耶利米哀歌</a>
  <a>耶利米书</a>
  <a>耶利摩</a>
  <a>耶利末</a>
  <a>耶利雅</a>
  <a>耶列</a>
  <a>耶琳</a>
  <a>耶鲁伊勒</a>
  <a>耶路巴力</a>
  <a>耶路比设</a>
  <a>耶路撒冷</a>
  <a>耶路莎</a>
  <a>耶略</a>
  <a>耶罗波安</a>
  <a>耶罗罕</a>
  <a>耶罗亚</a>
  <a>耶米玛</a>
  <a>耶末</a>
  <a>耶穆理</a>
  <a>耶撒尼亚</a>
  <a>耶萨利拉</a>
  <a>耶色</a>
  <a>耶色人</a>
  <a>耶沙拿</a>
  <a>耶筛亚</a>
  <a>耶设</a>
  <a>耶示比押</a>
  <a>耶示曼</a>
  <a>耶示筛</a>
  <a>耶书仑</a>
  <a>耶书亚</a>
  <a>耶数</a>
  <a>耶斯列</a>
  <a>耶稣</a>
  <a>耶稣基督</a>
  <a>耶稣基督的世系</a>
  <a>耶稣受难纪念聚会</a>
  <a>耶孙</a>
  <a>耶特莱</a>
  <a>耶帖</a>
  <a>耶乌利</a>
  <a>耶乌施</a>
  <a>耶乌斯</a>
  <a>耶西</a>
  <a>耶西结</a>
  <a>耶西篾</a>
  <a>耶西雅</a>
  <a>耶希底亚</a>
  <a>耶希西家</a>
  <a>耶希亚</a>
  <a>耶希伊</a>
  <a>耶希伊利</a>
  <a>耶洗别</a>
  <a>耶薛</a>
  <a>冶金工人</a>
  <a>野地</a>
  <a>野驴</a>
  <a>野牛</a>
  <a>野山羊</a>
  <a>野兔</a>
  <a>野猪</a>
  <a>夜</a>
  <a>夜鹰</a>
  <a>叶甲薛</a>
  <a>叶忒罗</a>
  <a>一安息日可走的路程</a>
  <a>一夫多妻</a>
  <a>伊巴力</a>
  <a>伊比利</a>
  <a>伊比尼雅</a>
  <a>伊比尼亚</a>
  <a>伊比散</a>
  <a>伊壁鸠鲁派</a>
  <a>伊得巴</a>
  <a>伊甸</a>
  <a>伊多</a>
  <a>伊珥</a>
  <a>伊珥比勒</a>
  <a>伊珥拿辖</a>
  <a>伊珥示麦</a>
  <a>伊弗底雅</a>
  <a>伊弗他</a>
  <a>伊弗他伊勒</a>
  <a>伊基达利</a>
  <a>伊基拉-施利施亚</a>
  <a>伊矶伦</a>
  <a>伊迦尔-撒哈杜他</a>
  <a>伊拉</a>
  <a>伊来</a>
  <a>伊兰</a>
  <a>伊勒比利</a>
  <a>伊勒伯特利</a>
  <a>伊勒歌斯人</a>
  <a>伊勒哈南</a>
  <a>伊勒帕兰</a>
  <a>伊勒提君</a>
  <a>伊勒陀腊</a>
  <a>伊力</a>
  <a>伊利达</a>
  <a>伊利拿安</a>
  <a>伊利沙</a>
  <a>伊利莎白</a>
  <a>伊利提基</a>
  <a>伊利乌赛</a>
  <a>伊利雅</a>
  <a>伊麦基悉</a>
  <a>伊拿印</a>
  <a>伊南</a>
  <a>伊楠</a>
  <a>伊萨利</a>
  <a>伊施</a>
  <a>伊施巴</a>
  <a>伊施巴力</a>
  <a>伊施班</a>
  <a>伊施波设</a>
  <a>伊施伯</a>
  <a>伊施顿</a>
  <a>伊施何</a>
  <a>伊施玛</a>
  <a>伊施米莱</a>
  <a>伊施帕</a>
  <a>伊施陀</a>
  <a>伊施瓦</a>
  <a>伊施韦</a>
  <a>伊施韦人</a>
  <a>伊示雅</a>
  <a>伊示亚</a>
  <a>伊斯拜</a>
  <a>伊斯拉人</a>
  <a>伊斯拉雅</a>
  <a>伊斯利</a>
  <a>伊斯利亚</a>
  <a>伊斯玛基雅</a>
  <a>伊泰</a>
  <a>伊特玛</a>
  <a>伊特尼</a>
  <a>伊提拉</a>
  <a>伊提南</a>
  <a>伊突</a>
  <a>伊以谢</a>
  <a>衣服</a>
  <a>医生</a>
  <a>医治</a>
  <a>遗憾</a>
  <a>以巴弗</a>
  <a>以巴弗提</a>
  <a>以巴路</a>
  <a>以巴路山</a>
  <a>以拜尼杜</a>
  <a>以比雅撒</a>
  <a>以比赞</a>
  <a>以便以谢</a>
  <a>以伯</a>
  <a>以伯莲</a>
  <a>以伯仑</a>
  <a>以伯米勒</a>
  <a>以大拉</a>
  <a>以得雷</a>
  <a>以德</a>
  <a>以东</a>
  <a>以法</a>
  <a>以法连</a>
  <a>以法莲</a>
  <a>以法莲门</a>
  <a>以法莲人</a>
  <a>以法列</a>
  <a>以法他</a>
  <a>以法他人</a>
  <a>以法特</a>
  <a>以斐</a>
  <a>以弗</a>
  <a>以弗德</a>
  <a>以弗拉</a>
  <a>以弗仑</a>
  <a>以弗斯达悯</a>
  <a>以弗所</a>
  <a>以弗所书</a>
  <a>以哥念</a>
  <a>以革莲</a>
  <a>以革伦</a>
  <a>以格拉</a>
  <a>以笏</a>
  <a>以迦</a>
  <a>以迦博</a>
  <a>以结</a>
  <a>以拉</a>
  <a>以拉达</a>
  <a>以拉都</a>
  <a>以拉撒</a>
  <a>以拉萨</a>
  <a>以拉特</a>
  <a>以兰</a>
  <a>以勒</a>
  <a>以勒大</a>
  <a>以里</a>
  <a>以利1</a>
  <a>以利2</a>
  <a>以利楚</a>
  <a>以利达</a>
  <a>以利法</a>
  <a>以利法勒</a>
  <a>以利法列</a>
  <a>以利斐利户</a>
  <a>以利何烈</a>
  <a>以利户</a>
  <a>以利加</a>
  <a>以利加拿</a>
  <a>以利里古</a>
  <a>以利米勒</a>
  <a>以利拿单</a>
  <a>以利奈</a>
  <a>以利帕力</a>
  <a>以利撒番</a>
  <a>以利萨巴</a>
  <a>以利沙</a>
  <a>以利沙法</a>
  <a>以利沙玛</a>
  <a>以利示巴</a>
  <a>以利书亚</a>
  <a>以利稳</a>
  <a>以利押</a>
  <a>以利雅大</a>
  <a>以利雅哈巴</a>
  <a>以利雅萨</a>
  <a>以利雅实</a>
  <a>以利亚</a>
  <a>以利亚敬</a>
  <a>以利亚利</a>
  <a>以利亚撒</a>
  <a>以利亚萨</a>
  <a>以利亚他</a>
  <a>以利业</a>
  <a>以利以谢</a>
  <a>以利约埃奈</a>
  <a>以利约奈</a>
  <a>以历</a>
  <a>以连</a>
  <a>以列</a>
  <a>以琳</a>
  <a>以禄特</a>
  <a>以禄月</a>
  <a>以路</a>
  <a>以吕马</a>
  <a>以律</a>
  <a>以伦</a>
  <a>以伦伯哈南</a>
  <a>以伦人</a>
  <a>以马内利</a>
  <a>以马乌斯</a>
  <a>以米人</a>
  <a>以摩当</a>
  <a>以拿</a>
  <a>以尼雅</a>
  <a>以挪士</a>
  <a>以诺</a>
  <a>以撒</a>
  <a>以撒哈顿</a>
  <a>以萨迦</a>
  <a>以赛亚</a>
  <a>以赛亚书</a>
  <a>以扫</a>
  <a>以色列</a>
  <a>以色列人</a>
  <a>以森</a>
  <a>以珊</a>
  <a>以设</a>
  <a>以施班</a>
  <a>以实比诺</a>
  <a>以实各</a>
  <a>以实玛利</a>
  <a>以实玛利人</a>
  <a>以实玛雅</a>
  <a>以实陶</a>
  <a>以实陶人</a>
  <a>以实提摩</a>
  <a>以斯本</a>
  <a>以斯哈</a>
  <a>以斯哈人</a>
  <a>以斯拉</a>
  <a>以斯拉记</a>
  <a>以斯利</a>
  <a>以斯尼人</a>
  <a>以斯帖</a>
  <a>以斯帖记</a>
  <a>以他念月</a>
  <a>以泰</a>
  <a>以泰玛</a>
  <a>以坦</a>
  <a>以探</a>
  <a>以倘</a>
  <a>以特加迅</a>
  <a>以特拉</a>
  <a>以特念</a>
  <a>以提楠</a>
  <a>以帖</a>
  <a>以帖人</a>
  <a>以铁</a>
  <a>以土利亚</a>
  <a>以土迈</a>
  <a>以瓦</a>
  <a>以未</a>
  <a>以未米罗达</a>
  <a>以西结</a>
  <a>以西结书</a>
  <a>以西拉</a>
  <a>以西拉人</a>
  <a>以希</a>
  <a>以谢</a>
  <a>以旬迦别</a>
  <a>以耶亚巴琳</a>
  <a>以因</a>
  <a>以云</a>
  <a>亦迦</a>
  <a>益吉</a>
  <a>益拉</a>
  <a>益兰</a>
  <a>益帖</a>
  <a>益辖</a>
  <a>异常高大的人</a>
  <a>异能</a>
  <a>异象</a>
  <a>异兆</a>
  <a>意大利</a>
  <a>意大利部队</a>
  <a>意外</a>
  <a>艺术</a>
  <a>驿使</a>
  <a>音拉</a>
  <a>音麦</a>
  <a>音拿</a>
  <a>音拿人</a>
  <a>音那</a>
  <a>音乐</a>
  <a>阴间，地狱</a>
  <a>淫乱</a>
  <a>银</a>
  <a>银行</a>
  <a>银元（罗马的）</a>
  <a>银元（希腊的）</a>
  <a>尹拉</a>
  <a>尹利</a>
  <a>隐多珥</a>
  <a>隐干宁</a>
  <a>隐哈大</a>
  <a>隐哈歌利</a>
  <a>隐基底</a>
  <a>隐琳门</a>
  <a>隐罗结</a>
  <a>隐密巴</a>
  <a>隐示麦</a>
  <a>隐他普亚</a>
  <a>隐夏琐</a>
  <a>隐以革莲</a>
  <a>隐语</a>
  <a>荫下</a>
  <a>印度</a>
  <a>印章，印记</a>
  <a>鹰</a>
  <a>鹰隼</a>
  <a>营</a>
  <a>影子，荫下</a>
  <a>拥有土地</a>
  <a>永远奉献的</a>
  <a>勇气</a>
  <a>忧虑，挂虑</a>
  <a>优雅</a>
  <a>油</a>
  <a>油树</a>
  <a>油榨</a>
  <a>游泳</a>
  <a>犹伯</a>
  <a>犹大</a>
  <a>犹大的巴烈</a>
  <a>犹大旷野</a>
  <a>犹大书</a>
  <a>犹迪</a>
  <a>犹底</a>
  <a>犹地亚</a>
  <a>犹甲</a>
  <a>犹拉</a>
  <a>犹利亚</a>
  <a>犹流</a>
  <a>犹尼亚</a>
  <a>犹士都</a>
  <a>犹太教</a>
  <a>犹太人</a>
  <a>犹特</a>
  <a>犹推古</a>
  <a>游戏，竞技</a>
  <a>游行</a>
  <a>友阿蝶</a>
  <a>友布罗</a>
  <a>友拉革罗</a>
  <a>友妮基</a>
  <a>有福，快乐</a>
  <a>幼发拉底河</a>
  <a>于沙希息</a>
  <a>娱乐</a>
  <a>鱼</a>
  <a>鱼门</a>
  <a>逾越节</a>
  <a>愚蠢的人</a>
  <a>渔镖</a>
  <a>雨</a>
  <a>雨燕</a>
  <a>语声</a>
  <a>语言</a>
  <a>玉髓</a>
  <a>寓言</a>
  <a>御酒官</a>
  <a>御前总长</a>
  <a>预备日</a>
  <a>预言</a>
  <a>预兆</a>
  <a>预知，预定</a>
  <a>狱吏</a>
  <a>鸢</a>
  <a>园林</a>
  <a>园子</a>
  <a>圆柏</a>
  <a>圆规</a>
  <a>猿猴</a>
  <a>约</a>
  <a>约阿施</a>
  <a>约阿斯</a>
  <a>约巴</a>
  <a>约巴他</a>
  <a>约比哈</a>
  <a>约伯</a>
  <a>约伯记</a>
  <a>约布</a>
  <a>约达</a>
  <a>约旦河</a>
  <a>约旦河区</a>
  <a>约德</a>
  <a>约甸</a>
  <a>约珥</a>
  <a>约珥书</a>
  <a>约干</a>
  <a>约柜</a>
  <a>约哈</a>
  <a>约哈南</a>
  <a>约哈思</a>
  <a>约哈斯</a>
  <a>约翰</a>
  <a>约翰福音</a>
  <a>约翰一书、二书、三书</a>
  <a>约基别</a>
  <a>约敬</a>
  <a>约拉</a>
  <a>约莱</a>
  <a>约澜</a>
  <a>约兰</a>
  <a>约利</a>
  <a>约令</a>
  <a>约缅</a>
  <a>约拿</a>
  <a>约拿达</a>
  <a>约拿单</a>
  <a>约拿书</a>
  <a>约南</a>
  <a>约念</a>
  <a>约帕</a>
  <a>约撒拔</a>
  <a>约撒答</a>
  <a>约撒甲</a>
  <a>约萨拔</a>
  <a>约萨答</a>
  <a>约瑟</a>
  <a>约沙</a>
  <a>约沙法</a>
  <a>约沙法平原</a>
  <a>约沙弗</a>
  <a>约沙维雅</a>
  <a>约珊</a>
  <a>约设巴设</a>
  <a>约施比加沙</a>
  <a>约示巴</a>
  <a>约示比亚</a>
  <a>约书亚</a>
  <a>约书亚记</a>
  <a>约朔海</a>
  <a>约坍</a>
  <a>约坦</a>
  <a>约提巴</a>
  <a>约帖</a>
  <a>约西</a>
  <a>约西克</a>
  <a>约西亚</a>
  <a>约细斐亚</a>
  <a>约押</a>
  <a>约雅大</a>
  <a>约雅斤</a>
  <a>约雅金</a>
  <a>约雅敬</a>
  <a>约雅立</a>
  <a>约亚</a>
  <a>约亚拿</a>
  <a>约亚南</a>
  <a>约耶但</a>
  <a>约叶</a>
  <a>约以谢</a>
  <a>乐器</a>
  <a>月份</a>
  <a>月桂</a>
  <a>月经</a>
  <a>月亮</a>
  <a>岳父</a>
  <a>悦纳的时候</a>
  <a>阅读，朗读</a>
  <a>芸香</a>
  <a>云</a>
  <a>云霄</a>
  <a>运输</a>
  <a>杂草</a>
  <a>灾殃</a>
  <a>在上当权的</a>
  <a>赞美，称赞</a>
  <a>凿石处</a>
  <a>枣莲</a>
  <a>责备</a>
  <a>责打</a>
  <a>渣滓</a>
  <a>扎因</a>
  <a>拃</a>
  <a>蚱蜢</a>
  <a>债，欠债的人</a>
  <a>占卜</a>
  <a>占卜的人</a>
  <a>占星术士</a>
  <a>斩首</a>
  <a>战棒</a>
  <a>战车，马车</a>
  <a>战车城</a>
  <a>战利品</a>
  <a>战神山</a>
  <a>战争</a>
  <a>彰显为圣，成圣</a>
  <a>蟑螂</a>
  <a>长官（外邦的）</a>
  <a>长官（以色列的）</a>
  <a>长老</a>
  <a>长子，头生的</a>
  <a>长子权</a>
  <a>掌（宽度）</a>
  <a>丈夫</a>
  <a>杖，棒</a>
  <a>帐幕</a>
  <a>哲学</a>
  <a>珍珠</a>
  <a>真理</a>
  <a>针</a>
  <a>针眼</a>
  <a>箴言</a>
  <a>镇</a>
  <a>争吵</a>
  <a>争执</a>
  <a>蒸气</a>
  <a>征税</a>
  <a>征象</a>
  <a>拯救</a>
  <a>正典</a>
  <a>正义</a>
  <a>政府</a>
  <a>证人</a>
  <a>枝条，枝子，新芽</a>
  <a>知识</a>
  <a>脂肪</a>
  <a>蜘蛛</a>
  <a>直街</a>
  <a>执法官</a>
  <a>执法吏</a>
  <a>执政的，政府</a>
  <a>植物</a>
  <a>职务</a>
  <a>指（宽度）</a>
  <a>指导，教诲</a>
  <a>指控</a>
  <a>指头</a>
  <a>纸</a>
  <a>纸莎草</a>
  <a>至高统治权</a>
  <a>至高者</a>
  <a>至圣所</a>
  <a>制度</a>
  <a>治城官</a>
  <a>治疗</a>
  <a>痔疮</a>
  <a>智慧</a>
  <a>制革匠</a>
  <a>制造帐幕的人</a>
  <a>忠信睿智的奴隶</a>
  <a>忠义</a>
  <a>忠贞</a>
  <a>忠贞之爱</a>
  <a>终结的时期</a>
  <a>种子</a>
  <a>种族</a>
  <a>重担</a>
  <a>舟顶</a>
  <a>肘尺</a>
  <a>咒骂</a>
  <a>咒语</a>
  <a>咒诅</a>
  <a>宙斯</a>
  <a>宙斯双子</a>
  <a>朱红漆</a>
  <a>珠宝玉石</a>
  <a>珠串</a>
  <a>猪</a>
  <a>主</a>
  <a>主的日子</a>
  <a>主的晚餐</a>
  <a>住棚节</a>
  <a>柱头</a>
  <a>柱子（作号召用途的）</a>
  <a>柱子（作支撑用途的）</a>
  <a>祝福</a>
  <a>著作</a>
  <a>驻军</a>
  <a>专一爱戴</a>
  <a>砖</a>
  <a>装饰</a>
  <a>撞城锤</a>
  <a>准绳</a>
  <a>姿势和动作</a>
  <a>姊妹</a>
  <a>紫晶</a>
  <a>紫色</a>
  <a>自割</a>
  <a>自由</a>
  <a>自由的妇人</a>
  <a>自由民，自由人</a>
  <a>自制</a>
  <a>宗族</a>
  <a>棕榈树</a>
  <a>棕色</a>
  <a>总督（巴比伦的、波斯的）</a>
  <a>总督（罗马的），官长，省长</a>
  <a>总督府</a>
  <a>足枷，枷</a>
  <a>族</a>
  <a>族长</a>
  <a>祖珥</a>
  <a>祖父母，外祖父母</a>
  <a>诅咒</a>
  <a>钻石</a>
  <a>嘴唇</a>
  <a>最后的日子</a>
  <a>最后的晚餐</a>
  <a>最早的收成</a>
  <a>罪</a>
  <a>罪行和刑罚</a>
  <a>罪责</a>
  <a>醉酒</a>
  <a>尊荣，尊崇，尊敬</a>
  <a>尊重</a>
  <a>作保，保证</a>
  <a>前环衬</a>
  <a>题名页/版权页</a>
  <a>前言</a>
  <a>彩页目录</a>
  <a>凡例</a>
  <a>地图目录</a>
  <a>圣经怎样流传至今</a>
  <a>上帝的名字</a>
  <a>挪亚日子的大洪水</a>
  <a>各国各族的起源</a>
  <a>亚伯拉罕的行程</a>
  <a>应许之地的地理特点</a>
  <a>雅各的生平纪事</a>
  <a>古埃及</a>
  <a>以色列人在埃及</a>
  <a>以色列人出埃及</a>
  <a>圣幕</a>
  <a>以色列人征服应许之地</a>
  <a>曾占据应许之地的民族</a>
  <a>上帝赐给以色列人的地</a>
  <a>士师救以色列人脱离仇敌的压迫</a>
  <a>以色列各部族的领土</a>
  <a>大卫的时代</a>
  <a>所罗门的统治</a>
  <a>所罗门建造的圣殿</a>
  <a>耶路撒冷城（大卫和所罗门时期）</a>
  <a>以色列四周的国家</a>
  <a>以色列国一分为二</a>
  <a>以利亚和以利沙的先知生涯</a>
  <a>以色列的敌国</a>
  <a>米吉多</a>
  <a>亚述帝国</a>
  <a>从考古学得益</a>
  <a>后环衬</a>
  <a>前环衬</a>
  <a>题名页/版权页</a>
  <a>巴比伦帝国</a>
  <a>耶路撒冷被巴比伦攻占</a>
  <a>米底亚-波斯帝国</a>
  <a>犹太俘虏从巴比伦返乡</a>
  <a>希腊帝国</a>
  <a>列国的神祇</a>
  <a>泰尔</a>
  <a>罗马帝国</a>
  <a>耶稣在地上的早年生活</a>
  <a>耶稣在地上执行的传道职务</a>
  <a>1世纪的耶路撒冷</a>
  <a>加利利行省</a>
  <a>加利利海一带</a>
  <a>基督牺牲之前发生的事件</a>
  <a>基督教的传播</a>
  <a>使徒保罗的传道旅程</a>
  <a>耶路撒冷被罗马人毁灭</a>
  <a>启示录的七群会众</a>
  <a>今天的耶路撒冷及周围一带</a>
  <a>古代以色列人的日常生活</a>
  <a>圣经中的动物</a>
  <a>详图总览</a>
  <a>条目标题笔画索引</a>
  <a>国语注音符号音节表</a>
  <a>词语索引</a>
  <a>经节索引</a>
  <a>地图索引</a>
  <a>书名简称全称对照表</a>
  <a>图片鸣谢</a>
  <a>后环衬</a>   
</Chinese>