<?xml version="1.0" encoding="UTF-8" ?>
<Publications>

	<p code="nwt" img="newworldtranslation" >
    <a>nwt/E/2013/1/1</a>
    <a>nwt/E/2013/1/2</a>
		<a>nwt/E/2013/1/3</a>
		<a>nwt/E/2013/1/4</a>
		<a>nwt/E/2013/1/5</a>
		<a>nwt/E/2013/1/6</a>
		<a>nwt/E/2013/1/7</a>
		<a>nwt/E/2013/1/8</a>
		<a>nwt/E/2013/1/9</a>
		<a>nwt/E/2013/1/10</a>
		<a>nwt/E/2013/1/11</a>
		<a>nwt/E/2013/1/12</a>
		<a>nwt/E/2013/1/13</a>
		<a>nwt/E/2013/1/14</a>
		<a>nwt/E/2013/1/15</a>
		<a>nwt/E/2013/1/16</a>
		<a>nwt/E/2013/1/17</a>
		<a>nwt/E/2013/1/18</a>
		<a>nwt/E/2013/1/19</a>
		<a>nwt/E/2013/1/20</a>
		<a>nwt/E/2013/1/21</a>
		<a>nwt/E/2013/1/22</a>
		<a>nwt/E/2013/1/23</a>
		<a>nwt/E/2013/1/24</a>
		<a>nwt/E/2013/1/25</a>
		<a>nwt/E/2013/1/26</a>
		<a>nwt/E/2013/1/27</a>
		<a>nwt/E/2013/1/28</a>
		<a>nwt/E/2013/1/29</a>
		<a>nwt/E/2013/1/30</a>
		<a>nwt/E/2013/1/31</a>
		<a>nwt/E/2013/1/32</a>
		<a>nwt/E/2013/1/33</a>
		<a>nwt/E/2013/1/34</a>
		<a>nwt/E/2013/1/35</a>
		<a>nwt/E/2013/1/36</a>
		<a>nwt/E/2013/1/37</a>
		<a>nwt/E/2013/1/38</a>
		<a>nwt/E/2013/1/39</a>
		<a>nwt/E/2013/1/40</a>
		<a>nwt/E/2013/1/41</a>
		<a>nwt/E/2013/1/42</a>
		<a>nwt/E/2013/1/43</a>
		<a>nwt/E/2013/1/44</a>
		<a>nwt/E/2013/1/45</a>
		<a>nwt/E/2013/1/46</a>
		<a>nwt/E/2013/1/47</a>
		<a>nwt/E/2013/1/48</a>
		<a>nwt/E/2013/1/49</a>
		<a>nwt/E/2013/1/50</a>
		<a>nwt/E/2013/2/1</a>
		<a>nwt/E/2013/2/2</a>
		<a>nwt/E/2013/2/3</a>
		<a>nwt/E/2013/2/4</a>
		<a>nwt/E/2013/2/5</a>
		<a>nwt/E/2013/2/6</a>
		<a>nwt/E/2013/2/7</a>
		<a>nwt/E/2013/2/8</a>
		<a>nwt/E/2013/2/9</a>
		<a>nwt/E/2013/2/10</a>
		<a>nwt/E/2013/2/11</a>
		<a>nwt/E/2013/2/12</a>
		<a>nwt/E/2013/2/13</a>
		<a>nwt/E/2013/2/14</a>
		<a>nwt/E/2013/2/15</a>
		<a>nwt/E/2013/2/16</a>
		<a>nwt/E/2013/2/17</a>
		<a>nwt/E/2013/2/18</a>
		<a>nwt/E/2013/2/19</a>
		<a>nwt/E/2013/2/20</a>
		<a>nwt/E/2013/2/21</a>
		<a>nwt/E/2013/2/22</a>
		<a>nwt/E/2013/2/23</a>
		<a>nwt/E/2013/2/24</a>
		<a>nwt/E/2013/2/25</a>
		<a>nwt/E/2013/2/26</a>
		<a>nwt/E/2013/2/27</a>
		<a>nwt/E/2013/2/28</a>
		<a>nwt/E/2013/2/29</a>
		<a>nwt/E/2013/2/30</a>
		<a>nwt/E/2013/2/31</a>
		<a>nwt/E/2013/2/32</a>
		<a>nwt/E/2013/2/33</a>
		<a>nwt/E/2013/2/34</a>
		<a>nwt/E/2013/2/35</a>
		<a>nwt/E/2013/2/36</a>
		<a>nwt/E/2013/2/37</a>
		<a>nwt/E/2013/2/38</a>
		<a>nwt/E/2013/2/39</a>
		<a>nwt/E/2013/2/40</a>
		<a>nwt/E/2013/3/1</a>
		<a>nwt/E/2013/3/2</a>
		<a>nwt/E/2013/3/3</a>
		<a>nwt/E/2013/3/4</a>
		<a>nwt/E/2013/3/5</a>
		<a>nwt/E/2013/3/6</a>
		<a>nwt/E/2013/3/7</a>
		<a>nwt/E/2013/3/8</a>
		<a>nwt/E/2013/3/9</a>
		<a>nwt/E/2013/3/10</a>
		<a>nwt/E/2013/3/11</a>
		<a>nwt/E/2013/3/12</a>
		<a>nwt/E/2013/3/13</a>
		<a>nwt/E/2013/3/14</a>
		<a>nwt/E/2013/3/15</a>
		<a>nwt/E/2013/3/16</a>
		<a>nwt/E/2013/3/17</a>
		<a>nwt/E/2013/3/18</a>
		<a>nwt/E/2013/3/19</a>
		<a>nwt/E/2013/3/20</a>
		<a>nwt/E/2013/3/21</a>
		<a>nwt/E/2013/3/22</a>
		<a>nwt/E/2013/3/23</a>
		<a>nwt/E/2013/3/24</a>
		<a>nwt/E/2013/3/25</a>
		<a>nwt/E/2013/3/26</a>
		<a>nwt/E/2013/3/27</a>
		<a>nwt/E/2013/4/1</a>
		<a>nwt/E/2013/4/2</a>
		<a>nwt/E/2013/4/3</a>
		<a>nwt/E/2013/4/4</a>
		<a>nwt/E/2013/4/5</a>
		<a>nwt/E/2013/4/6</a>
		<a>nwt/E/2013/4/7</a>
		<a>nwt/E/2013/4/8</a>
		<a>nwt/E/2013/4/9</a>
		<a>nwt/E/2013/4/10</a>
		<a>nwt/E/2013/4/11</a>
		<a>nwt/E/2013/4/12</a>
		<a>nwt/E/2013/4/13</a>
		<a>nwt/E/2013/4/14</a>
		<a>nwt/E/2013/4/15</a>
		<a>nwt/E/2013/4/16</a>
		<a>nwt/E/2013/4/17</a>
		<a>nwt/E/2013/4/18</a>
		<a>nwt/E/2013/4/19</a>
		<a>nwt/E/2013/4/20</a>
		<a>nwt/E/2013/4/21</a>
		<a>nwt/E/2013/4/22</a>
		<a>nwt/E/2013/4/23</a>
		<a>nwt/E/2013/4/24</a>
		<a>nwt/E/2013/4/25</a>
		<a>nwt/E/2013/4/26</a>
		<a>nwt/E/2013/4/27</a>
		<a>nwt/E/2013/4/28</a>
		<a>nwt/E/2013/4/29</a>
		<a>nwt/E/2013/4/30</a>
		<a>nwt/E/2013/4/31</a>
		<a>nwt/E/2013/4/32</a>
		<a>nwt/E/2013/4/33</a>
		<a>nwt/E/2013/4/34</a>
		<a>nwt/E/2013/4/35</a>
		<a>nwt/E/2013/4/36</a>
		<a>nwt/E/2013/5/1</a>
		<a>nwt/E/2013/5/2</a>
		<a>nwt/E/2013/5/3</a>
		<a>nwt/E/2013/5/4</a>
		<a>nwt/E/2013/5/5</a>
		<a>nwt/E/2013/5/6</a>
		<a>nwt/E/2013/5/7</a>
		<a>nwt/E/2013/5/8</a>
		<a>nwt/E/2013/5/9</a>
		<a>nwt/E/2013/5/10</a>
		<a>nwt/E/2013/5/11</a>
		<a>nwt/E/2013/5/12</a>
		<a>nwt/E/2013/5/13</a>
		<a>nwt/E/2013/5/14</a>
		<a>nwt/E/2013/5/15</a>
		<a>nwt/E/2013/5/16</a>
		<a>nwt/E/2013/5/17</a>
		<a>nwt/E/2013/5/18</a>
		<a>nwt/E/2013/5/19</a>
		<a>nwt/E/2013/5/20</a>
		<a>nwt/E/2013/5/21</a>
		<a>nwt/E/2013/5/22</a>
		<a>nwt/E/2013/5/23</a>
		<a>nwt/E/2013/5/24</a>
		<a>nwt/E/2013/5/25</a>
		<a>nwt/E/2013/5/26</a>
		<a>nwt/E/2013/5/27</a>
		<a>nwt/E/2013/5/28</a>
		<a>nwt/E/2013/5/29</a>
		<a>nwt/E/2013/5/30</a>
		<a>nwt/E/2013/5/31</a>
		<a>nwt/E/2013/5/32</a>
		<a>nwt/E/2013/5/33</a>
		<a>nwt/E/2013/5/34</a>
		<a>nwt/E/2013/6/1</a>
		<a>nwt/E/2013/6/2</a>
		<a>nwt/E/2013/6/3</a>
		<a>nwt/E/2013/6/4</a>
		<a>nwt/E/2013/6/5</a>
		<a>nwt/E/2013/6/6</a>
		<a>nwt/E/2013/6/7</a>
		<a>nwt/E/2013/6/8</a>
		<a>nwt/E/2013/6/9</a>
		<a>nwt/E/2013/6/10</a>
		<a>nwt/E/2013/6/11</a>
		<a>nwt/E/2013/6/12</a>
		<a>nwt/E/2013/6/13</a>
		<a>nwt/E/2013/6/14</a>
		<a>nwt/E/2013/6/15</a>
		<a>nwt/E/2013/6/16</a>
		<a>nwt/E/2013/6/17</a>
		<a>nwt/E/2013/6/18</a>
		<a>nwt/E/2013/6/19</a>
		<a>nwt/E/2013/6/20</a>
		<a>nwt/E/2013/6/21</a>
		<a>nwt/E/2013/6/22</a>
		<a>nwt/E/2013/6/23</a>
		<a>nwt/E/2013/6/24</a>
		<a>nwt/E/2013/7/1</a>
		<a>nwt/E/2013/7/2</a>
		<a>nwt/E/2013/7/3</a>
		<a>nwt/E/2013/7/4</a>
		<a>nwt/E/2013/7/5</a>
		<a>nwt/E/2013/7/6</a>
		<a>nwt/E/2013/7/7</a>
		<a>nwt/E/2013/7/8</a>
		<a>nwt/E/2013/7/9</a>
		<a>nwt/E/2013/7/10</a>
		<a>nwt/E/2013/7/11</a>
		<a>nwt/E/2013/7/12</a>
		<a>nwt/E/2013/7/13</a>
		<a>nwt/E/2013/7/14</a>
		<a>nwt/E/2013/7/15</a>
		<a>nwt/E/2013/7/16</a>
		<a>nwt/E/2013/7/17</a>
		<a>nwt/E/2013/7/18</a>
		<a>nwt/E/2013/7/19</a>
		<a>nwt/E/2013/7/20</a>
		<a>nwt/E/2013/7/21</a>
		<a>nwt/E/2013/8/1</a>
		<a>nwt/E/2013/8/2</a>
		<a>nwt/E/2013/8/3</a>
		<a>nwt/E/2013/8/4</a>
		<a>nwt/E/2013/9/1</a>
		<a>nwt/E/2013/9/2</a>
		<a>nwt/E/2013/9/3</a>
		<a>nwt/E/2013/9/4</a>
		<a>nwt/E/2013/9/5</a>
		<a>nwt/E/2013/9/6</a>
		<a>nwt/E/2013/9/7</a>
		<a>nwt/E/2013/9/8</a>
		<a>nwt/E/2013/9/9</a>
		<a>nwt/E/2013/9/10</a>
		<a>nwt/E/2013/9/11</a>
		<a>nwt/E/2013/9/12</a>
		<a>nwt/E/2013/9/13</a>
		<a>nwt/E/2013/9/14</a>
		<a>nwt/E/2013/9/15</a>
		<a>nwt/E/2013/9/16</a>
		<a>nwt/E/2013/9/17</a>
		<a>nwt/E/2013/9/18</a>
		<a>nwt/E/2013/9/19</a>
		<a>nwt/E/2013/9/20</a>
		<a>nwt/E/2013/9/21</a>
		<a>nwt/E/2013/9/22</a>
		<a>nwt/E/2013/9/23</a>
		<a>nwt/E/2013/9/24</a>
		<a>nwt/E/2013/9/25</a>
		<a>nwt/E/2013/9/26</a>
		<a>nwt/E/2013/9/27</a>
		<a>nwt/E/2013/9/28</a>
		<a>nwt/E/2013/9/29</a>
		<a>nwt/E/2013/9/30</a>
		<a>nwt/E/2013/9/31</a>
		<a>nwt/E/2013/10/1</a>
		<a>nwt/E/2013/10/2</a>
		<a>nwt/E/2013/10/3</a>
		<a>nwt/E/2013/10/4</a>
		<a>nwt/E/2013/10/5</a>
		<a>nwt/E/2013/10/6</a>
		<a>nwt/E/2013/10/7</a>
		<a>nwt/E/2013/10/8</a>
		<a>nwt/E/2013/10/9</a>
		<a>nwt/E/2013/10/10</a>
		<a>nwt/E/2013/10/11</a>
		<a>nwt/E/2013/10/12</a>
		<a>nwt/E/2013/10/13</a>
		<a>nwt/E/2013/10/14</a>
		<a>nwt/E/2013/10/15</a>
		<a>nwt/E/2013/10/16</a>
		<a>nwt/E/2013/10/17</a>
		<a>nwt/E/2013/10/18</a>
		<a>nwt/E/2013/10/19</a>
		<a>nwt/E/2013/10/20</a>
		<a>nwt/E/2013/10/21</a>
		<a>nwt/E/2013/10/22</a>
		<a>nwt/E/2013/10/23</a>
		<a>nwt/E/2013/10/24</a>
		<a>nwt/E/2013/11/1</a>
		<a>nwt/E/2013/11/2</a>
		<a>nwt/E/2013/11/3</a>
		<a>nwt/E/2013/11/4</a>
		<a>nwt/E/2013/11/5</a>
		<a>nwt/E/2013/11/6</a>
		<a>nwt/E/2013/11/7</a>
		<a>nwt/E/2013/11/8</a>
		<a>nwt/E/2013/11/9</a>
		<a>nwt/E/2013/11/10</a>
		<a>nwt/E/2013/11/11</a>
		<a>nwt/E/2013/11/12</a>
		<a>nwt/E/2013/11/13</a>
		<a>nwt/E/2013/11/14</a>
		<a>nwt/E/2013/11/15</a>
		<a>nwt/E/2013/11/16</a>
		<a>nwt/E/2013/11/17</a>
		<a>nwt/E/2013/11/18</a>
		<a>nwt/E/2013/11/19</a>
		<a>nwt/E/2013/11/20</a>
		<a>nwt/E/2013/11/21</a>
		<a>nwt/E/2013/11/22</a>
		<a>nwt/E/2013/12/1</a>
		<a>nwt/E/2013/12/2</a>
		<a>nwt/E/2013/12/3</a>
		<a>nwt/E/2013/12/4</a>
		<a>nwt/E/2013/12/5</a>
		<a>nwt/E/2013/12/6</a>
		<a>nwt/E/2013/12/7</a>
		<a>nwt/E/2013/12/8</a>
		<a>nwt/E/2013/12/9</a>
		<a>nwt/E/2013/12/10</a>
		<a>nwt/E/2013/12/11</a>
		<a>nwt/E/2013/12/12</a>
		<a>nwt/E/2013/12/13</a>
		<a>nwt/E/2013/12/14</a>
		<a>nwt/E/2013/12/15</a>
		<a>nwt/E/2013/12/16</a>
		<a>nwt/E/2013/12/17</a>
		<a>nwt/E/2013/12/18</a>
		<a>nwt/E/2013/12/19</a>
		<a>nwt/E/2013/12/20</a>
		<a>nwt/E/2013/12/21</a>
		<a>nwt/E/2013/12/22</a>
		<a>nwt/E/2013/12/23</a>
		<a>nwt/E/2013/12/24</a>
		<a>nwt/E/2013/12/25</a>
		<a>nwt/E/2013/13/1</a>
		<a>nwt/E/2013/13/2</a>
		<a>nwt/E/2013/13/3</a>
		<a>nwt/E/2013/13/4</a>
		<a>nwt/E/2013/13/5</a>
		<a>nwt/E/2013/13/6</a>
		<a>nwt/E/2013/13/7</a>
		<a>nwt/E/2013/13/8</a>
		<a>nwt/E/2013/13/9</a>
		<a>nwt/E/2013/13/10</a>
		<a>nwt/E/2013/13/11</a>
		<a>nwt/E/2013/13/12</a>
		<a>nwt/E/2013/13/13</a>
		<a>nwt/E/2013/13/14</a>
		<a>nwt/E/2013/13/15</a>
		<a>nwt/E/2013/13/16</a>
		<a>nwt/E/2013/13/17</a>
		<a>nwt/E/2013/13/18</a>
		<a>nwt/E/2013/13/19</a>
		<a>nwt/E/2013/13/20</a>
		<a>nwt/E/2013/13/21</a>
		<a>nwt/E/2013/13/22</a>
		<a>nwt/E/2013/13/23</a>
		<a>nwt/E/2013/13/24</a>
		<a>nwt/E/2013/13/25</a>
		<a>nwt/E/2013/13/26</a>
		<a>nwt/E/2013/13/27</a>
		<a>nwt/E/2013/13/28</a>
		<a>nwt/E/2013/13/29</a>
		<a>nwt/E/2013/14/1</a>
		<a>nwt/E/2013/14/2</a>
		<a>nwt/E/2013/14/3</a>
		<a>nwt/E/2013/14/4</a>
		<a>nwt/E/2013/14/5</a>
		<a>nwt/E/2013/14/6</a>
		<a>nwt/E/2013/14/7</a>
		<a>nwt/E/2013/14/8</a>
		<a>nwt/E/2013/14/9</a>
		<a>nwt/E/2013/14/10</a>
		<a>nwt/E/2013/14/11</a>
		<a>nwt/E/2013/14/12</a>
		<a>nwt/E/2013/14/13</a>
		<a>nwt/E/2013/14/14</a>
		<a>nwt/E/2013/14/15</a>
		<a>nwt/E/2013/14/16</a>
		<a>nwt/E/2013/14/17</a>
		<a>nwt/E/2013/14/18</a>
		<a>nwt/E/2013/14/19</a>
		<a>nwt/E/2013/14/20</a>
		<a>nwt/E/2013/14/21</a>
		<a>nwt/E/2013/14/22</a>
		<a>nwt/E/2013/14/23</a>
		<a>nwt/E/2013/14/24</a>
		<a>nwt/E/2013/14/25</a>
		<a>nwt/E/2013/14/26</a>
		<a>nwt/E/2013/14/27</a>
		<a>nwt/E/2013/14/28</a>
		<a>nwt/E/2013/14/29</a>
		<a>nwt/E/2013/14/30</a>
		<a>nwt/E/2013/14/31</a>
		<a>nwt/E/2013/14/32</a>
		<a>nwt/E/2013/14/33</a>
		<a>nwt/E/2013/14/34</a>
		<a>nwt/E/2013/14/35</a>
		<a>nwt/E/2013/14/36</a>
		<a>nwt/E/2013/15/1</a>
		<a>nwt/E/2013/15/2</a>
		<a>nwt/E/2013/15/3</a>
		<a>nwt/E/2013/15/4</a>
		<a>nwt/E/2013/15/5</a>
		<a>nwt/E/2013/15/6</a>
		<a>nwt/E/2013/15/7</a>
		<a>nwt/E/2013/15/8</a>
		<a>nwt/E/2013/15/9</a>
		<a>nwt/E/2013/15/10</a>
		<a>nwt/E/2013/16/1</a>
		<a>nwt/E/2013/16/2</a>
		<a>nwt/E/2013/16/3</a>
		<a>nwt/E/2013/16/4</a>
		<a>nwt/E/2013/16/5</a>
		<a>nwt/E/2013/16/6</a>
		<a>nwt/E/2013/16/7</a>
		<a>nwt/E/2013/16/8</a>
		<a>nwt/E/2013/16/9</a>
		<a>nwt/E/2013/16/10</a>
		<a>nwt/E/2013/16/11</a>
		<a>nwt/E/2013/16/12</a>
		<a>nwt/E/2013/16/13</a>
		<a>nwt/E/2013/17/1</a>
		<a>nwt/E/2013/17/2</a>
		<a>nwt/E/2013/17/3</a>
		<a>nwt/E/2013/17/4</a>
		<a>nwt/E/2013/17/5</a>
		<a>nwt/E/2013/17/6</a>
		<a>nwt/E/2013/17/7</a>
		<a>nwt/E/2013/17/8</a>
		<a>nwt/E/2013/17/9</a>
		<a>nwt/E/2013/17/10</a>
		<a>nwt/E/2013/18/1</a>
		<a>nwt/E/2013/18/2</a>
		<a>nwt/E/2013/18/3</a>
		<a>nwt/E/2013/18/4</a>
		<a>nwt/E/2013/18/5</a>
		<a>nwt/E/2013/18/6</a>
		<a>nwt/E/2013/18/7</a>
		<a>nwt/E/2013/18/8</a>
		<a>nwt/E/2013/18/9</a>
		<a>nwt/E/2013/18/10</a>
		<a>nwt/E/2013/18/11</a>
		<a>nwt/E/2013/18/12</a>
		<a>nwt/E/2013/18/13</a>
		<a>nwt/E/2013/18/14</a>
		<a>nwt/E/2013/18/15</a>
		<a>nwt/E/2013/18/16</a>
		<a>nwt/E/2013/18/17</a>
		<a>nwt/E/2013/18/18</a>
		<a>nwt/E/2013/18/19</a>
		<a>nwt/E/2013/18/20</a>
		<a>nwt/E/2013/18/21</a>
		<a>nwt/E/2013/18/22</a>
		<a>nwt/E/2013/18/23</a>
		<a>nwt/E/2013/18/24</a>
		<a>nwt/E/2013/18/25</a>
		<a>nwt/E/2013/18/26</a>
		<a>nwt/E/2013/18/27</a>
		<a>nwt/E/2013/18/28</a>
		<a>nwt/E/2013/18/29</a>
		<a>nwt/E/2013/18/30</a>
		<a>nwt/E/2013/18/31</a>
		<a>nwt/E/2013/18/32</a>
		<a>nwt/E/2013/18/33</a>
		<a>nwt/E/2013/18/34</a>
		<a>nwt/E/2013/18/35</a>
		<a>nwt/E/2013/18/36</a>
		<a>nwt/E/2013/18/37</a>
		<a>nwt/E/2013/18/38</a>
		<a>nwt/E/2013/18/39</a>
		<a>nwt/E/2013/18/40</a>
		<a>nwt/E/2013/18/41</a>
		<a>nwt/E/2013/18/42</a>
		<a>nwt/E/2013/19/1</a>
		<a>nwt/E/2013/19/2</a>
		<a>nwt/E/2013/19/3</a>
		<a>nwt/E/2013/19/4</a>
		<a>nwt/E/2013/19/5</a>
		<a>nwt/E/2013/19/6</a>
		<a>nwt/E/2013/19/7</a>
		<a>nwt/E/2013/19/8</a>
		<a>nwt/E/2013/19/9</a>
		<a>nwt/E/2013/19/10</a>
		<a>nwt/E/2013/19/11</a>
		<a>nwt/E/2013/19/12</a>
		<a>nwt/E/2013/19/13</a>
		<a>nwt/E/2013/19/14</a>
		<a>nwt/E/2013/19/15</a>
		<a>nwt/E/2013/19/16</a>
		<a>nwt/E/2013/19/17</a>
		<a>nwt/E/2013/19/18</a>
		<a>nwt/E/2013/19/19</a>
		<a>nwt/E/2013/19/20</a>
		<a>nwt/E/2013/19/21</a>
		<a>nwt/E/2013/19/22</a>
		<a>nwt/E/2013/19/23</a>
		<a>nwt/E/2013/19/24</a>
		<a>nwt/E/2013/19/25</a>
		<a>nwt/E/2013/19/26</a>
		<a>nwt/E/2013/19/27</a>
		<a>nwt/E/2013/19/28</a>
		<a>nwt/E/2013/19/29</a>
		<a>nwt/E/2013/19/30</a>
		<a>nwt/E/2013/19/31</a>
		<a>nwt/E/2013/19/32</a>
		<a>nwt/E/2013/19/33</a>
		<a>nwt/E/2013/19/34</a>
		<a>nwt/E/2013/19/35</a>
		<a>nwt/E/2013/19/36</a>
		<a>nwt/E/2013/19/37</a>
		<a>nwt/E/2013/19/38</a>
		<a>nwt/E/2013/19/39</a>
		<a>nwt/E/2013/19/40</a>
		<a>nwt/E/2013/19/41</a>
		<a>nwt/E/2013/19/42</a>
		<a>nwt/E/2013/19/43</a>
		<a>nwt/E/2013/19/44</a>
		<a>nwt/E/2013/19/45</a>
		<a>nwt/E/2013/19/46</a>
		<a>nwt/E/2013/19/47</a>
		<a>nwt/E/2013/19/48</a>
		<a>nwt/E/2013/19/49</a>
		<a>nwt/E/2013/19/50</a>
		<a>nwt/E/2013/19/51</a>
		<a>nwt/E/2013/19/52</a>
		<a>nwt/E/2013/19/53</a>
		<a>nwt/E/2013/19/54</a>
		<a>nwt/E/2013/19/55</a>
		<a>nwt/E/2013/19/56</a>
		<a>nwt/E/2013/19/57</a>
		<a>nwt/E/2013/19/58</a>
		<a>nwt/E/2013/19/59</a>
		<a>nwt/E/2013/19/60</a>
		<a>nwt/E/2013/19/61</a>
		<a>nwt/E/2013/19/62</a>
		<a>nwt/E/2013/19/63</a>
		<a>nwt/E/2013/19/64</a>
		<a>nwt/E/2013/19/65</a>
		<a>nwt/E/2013/19/66</a>
		<a>nwt/E/2013/19/67</a>
		<a>nwt/E/2013/19/68</a>
		<a>nwt/E/2013/19/69</a>
		<a>nwt/E/2013/19/70</a>
		<a>nwt/E/2013/19/71</a>
		<a>nwt/E/2013/19/72</a>
		<a>nwt/E/2013/19/73</a>
		<a>nwt/E/2013/19/74</a>
		<a>nwt/E/2013/19/75</a>
		<a>nwt/E/2013/19/76</a>
		<a>nwt/E/2013/19/77</a>
		<a>nwt/E/2013/19/78</a>
		<a>nwt/E/2013/19/79</a>
		<a>nwt/E/2013/19/80</a>
		<a>nwt/E/2013/19/81</a>
		<a>nwt/E/2013/19/82</a>
		<a>nwt/E/2013/19/83</a>
		<a>nwt/E/2013/19/84</a>
		<a>nwt/E/2013/19/85</a>
		<a>nwt/E/2013/19/86</a>
		<a>nwt/E/2013/19/87</a>
		<a>nwt/E/2013/19/88</a>
		<a>nwt/E/2013/19/89</a>
		<a>nwt/E/2013/19/90</a>
		<a>nwt/E/2013/19/91</a>
		<a>nwt/E/2013/19/92</a>
		<a>nwt/E/2013/19/93</a>
		<a>nwt/E/2013/19/94</a>
		<a>nwt/E/2013/19/95</a>
		<a>nwt/E/2013/19/96</a>
		<a>nwt/E/2013/19/97</a>
		<a>nwt/E/2013/19/98</a>
		<a>nwt/E/2013/19/99</a>
		<a>nwt/E/2013/19/100</a>
		<a>nwt/E/2013/19/101</a>
		<a>nwt/E/2013/19/102</a>
		<a>nwt/E/2013/19/103</a>
		<a>nwt/E/2013/19/104</a>
		<a>nwt/E/2013/19/105</a>
		<a>nwt/E/2013/19/106</a>
		<a>nwt/E/2013/19/107</a>
		<a>nwt/E/2013/19/108</a>
		<a>nwt/E/2013/19/109</a>
		<a>nwt/E/2013/19/110</a>
		<a>nwt/E/2013/19/111</a>
		<a>nwt/E/2013/19/112</a>
		<a>nwt/E/2013/19/113</a>
		<a>nwt/E/2013/19/114</a>
		<a>nwt/E/2013/19/115</a>
		<a>nwt/E/2013/19/116</a>
		<a>nwt/E/2013/19/117</a>
		<a>nwt/E/2013/19/118</a>
		<a>nwt/E/2013/19/119</a>
		<a>nwt/E/2013/19/120</a>
		<a>nwt/E/2013/19/121</a>
		<a>nwt/E/2013/19/122</a>
		<a>nwt/E/2013/19/123</a>
		<a>nwt/E/2013/19/124</a>
		<a>nwt/E/2013/19/125</a>
		<a>nwt/E/2013/19/126</a>
		<a>nwt/E/2013/19/127</a>
		<a>nwt/E/2013/19/128</a>
		<a>nwt/E/2013/19/129</a>
		<a>nwt/E/2013/19/130</a>
		<a>nwt/E/2013/19/131</a>
		<a>nwt/E/2013/19/132</a>
		<a>nwt/E/2013/19/133</a>
		<a>nwt/E/2013/19/134</a>
		<a>nwt/E/2013/19/135</a>
		<a>nwt/E/2013/19/136</a>
		<a>nwt/E/2013/19/137</a>
		<a>nwt/E/2013/19/138</a>
		<a>nwt/E/2013/19/139</a>
		<a>nwt/E/2013/19/140</a>
		<a>nwt/E/2013/19/141</a>
		<a>nwt/E/2013/19/142</a>
		<a>nwt/E/2013/19/143</a>
		<a>nwt/E/2013/19/144</a>
		<a>nwt/E/2013/19/145</a>
		<a>nwt/E/2013/19/146</a>
		<a>nwt/E/2013/19/147</a>
		<a>nwt/E/2013/19/148</a>
		<a>nwt/E/2013/19/149</a>
		<a>nwt/E/2013/19/150</a>
		<a>nwt/E/2013/20/1</a>
		<a>nwt/E/2013/20/2</a>
		<a>nwt/E/2013/20/3</a>
		<a>nwt/E/2013/20/4</a>
		<a>nwt/E/2013/20/5</a>
		<a>nwt/E/2013/20/6</a>
		<a>nwt/E/2013/20/7</a>
		<a>nwt/E/2013/20/8</a>
		<a>nwt/E/2013/20/9</a>
		<a>nwt/E/2013/20/10</a>
		<a>nwt/E/2013/20/11</a>
		<a>nwt/E/2013/20/12</a>
		<a>nwt/E/2013/20/13</a>
		<a>nwt/E/2013/20/14</a>
		<a>nwt/E/2013/20/15</a>
		<a>nwt/E/2013/20/16</a>
		<a>nwt/E/2013/20/17</a>
		<a>nwt/E/2013/20/18</a>
		<a>nwt/E/2013/20/19</a>
		<a>nwt/E/2013/20/20</a>
		<a>nwt/E/2013/20/21</a>
		<a>nwt/E/2013/20/22</a>
		<a>nwt/E/2013/20/23</a>
		<a>nwt/E/2013/20/24</a>
		<a>nwt/E/2013/20/25</a>
		<a>nwt/E/2013/20/26</a>
		<a>nwt/E/2013/20/27</a>
		<a>nwt/E/2013/20/28</a>
		<a>nwt/E/2013/20/29</a>
		<a>nwt/E/2013/20/30</a>
		<a>nwt/E/2013/20/31</a>
		<a>nwt/E/2013/21/1</a>
		<a>nwt/E/2013/21/2</a>
		<a>nwt/E/2013/21/3</a>
		<a>nwt/E/2013/21/4</a>
		<a>nwt/E/2013/21/5</a>
		<a>nwt/E/2013/21/6</a>
		<a>nwt/E/2013/21/7</a>
		<a>nwt/E/2013/21/8</a>
		<a>nwt/E/2013/21/9</a>
		<a>nwt/E/2013/21/10</a>
		<a>nwt/E/2013/21/11</a>
		<a>nwt/E/2013/21/12</a>
		<a>nwt/E/2013/22/1</a>
		<a>nwt/E/2013/22/2</a>
		<a>nwt/E/2013/22/3</a>
		<a>nwt/E/2013/22/4</a>
		<a>nwt/E/2013/22/5</a>
		<a>nwt/E/2013/22/6</a>
		<a>nwt/E/2013/22/7</a>
		<a>nwt/E/2013/22/8</a>
		<a>nwt/E/2013/23/1</a>
		<a>nwt/E/2013/23/2</a>
		<a>nwt/E/2013/23/3</a>
		<a>nwt/E/2013/23/4</a>
		<a>nwt/E/2013/23/5</a>
		<a>nwt/E/2013/23/6</a>
		<a>nwt/E/2013/23/7</a>
		<a>nwt/E/2013/23/8</a>
		<a>nwt/E/2013/23/9</a>
		<a>nwt/E/2013/23/10</a>
		<a>nwt/E/2013/23/11</a>
		<a>nwt/E/2013/23/12</a>
		<a>nwt/E/2013/23/13</a>
		<a>nwt/E/2013/23/14</a>
		<a>nwt/E/2013/23/15</a>
		<a>nwt/E/2013/23/16</a>
		<a>nwt/E/2013/23/17</a>
		<a>nwt/E/2013/23/18</a>
		<a>nwt/E/2013/23/19</a>
		<a>nwt/E/2013/23/20</a>
		<a>nwt/E/2013/23/21</a>
		<a>nwt/E/2013/23/22</a>
		<a>nwt/E/2013/23/23</a>
		<a>nwt/E/2013/23/24</a>
		<a>nwt/E/2013/23/25</a>
		<a>nwt/E/2013/23/26</a>
		<a>nwt/E/2013/23/27</a>
		<a>nwt/E/2013/23/28</a>
		<a>nwt/E/2013/23/29</a>
		<a>nwt/E/2013/23/30</a>
		<a>nwt/E/2013/23/31</a>
		<a>nwt/E/2013/23/32</a>
		<a>nwt/E/2013/23/33</a>
		<a>nwt/E/2013/23/34</a>
		<a>nwt/E/2013/23/35</a>
		<a>nwt/E/2013/23/36</a>
		<a>nwt/E/2013/23/37</a>
		<a>nwt/E/2013/23/38</a>
		<a>nwt/E/2013/23/39</a>
		<a>nwt/E/2013/23/40</a>
		<a>nwt/E/2013/23/41</a>
		<a>nwt/E/2013/23/42</a>
		<a>nwt/E/2013/23/43</a>
		<a>nwt/E/2013/23/44</a>
		<a>nwt/E/2013/23/45</a>
		<a>nwt/E/2013/23/46</a>
		<a>nwt/E/2013/23/47</a>
		<a>nwt/E/2013/23/48</a>
		<a>nwt/E/2013/23/49</a>
		<a>nwt/E/2013/23/50</a>
		<a>nwt/E/2013/23/51</a>
		<a>nwt/E/2013/23/52</a>
		<a>nwt/E/2013/23/53</a>
		<a>nwt/E/2013/23/54</a>
		<a>nwt/E/2013/23/55</a>
		<a>nwt/E/2013/23/56</a>
		<a>nwt/E/2013/23/57</a>
		<a>nwt/E/2013/23/58</a>
		<a>nwt/E/2013/23/59</a>
		<a>nwt/E/2013/23/60</a>
		<a>nwt/E/2013/23/61</a>
		<a>nwt/E/2013/23/62</a>
		<a>nwt/E/2013/23/63</a>
		<a>nwt/E/2013/23/64</a>
		<a>nwt/E/2013/23/65</a>
		<a>nwt/E/2013/23/66</a>
		<a>nwt/E/2013/24/1</a>
		<a>nwt/E/2013/24/2</a>
		<a>nwt/E/2013/24/3</a>
		<a>nwt/E/2013/24/4</a>
		<a>nwt/E/2013/24/5</a>
		<a>nwt/E/2013/24/6</a>
		<a>nwt/E/2013/24/7</a>
		<a>nwt/E/2013/24/8</a>
		<a>nwt/E/2013/24/9</a>
		<a>nwt/E/2013/24/10</a>
		<a>nwt/E/2013/24/11</a>
		<a>nwt/E/2013/24/12</a>
		<a>nwt/E/2013/24/13</a>
		<a>nwt/E/2013/24/14</a>
		<a>nwt/E/2013/24/15</a>
		<a>nwt/E/2013/24/16</a>
		<a>nwt/E/2013/24/17</a>
		<a>nwt/E/2013/24/18</a>
		<a>nwt/E/2013/24/19</a>
		<a>nwt/E/2013/24/20</a>
		<a>nwt/E/2013/24/21</a>
		<a>nwt/E/2013/24/22</a>
		<a>nwt/E/2013/24/23</a>
		<a>nwt/E/2013/24/24</a>
		<a>nwt/E/2013/24/25</a>
		<a>nwt/E/2013/24/26</a>
		<a>nwt/E/2013/24/27</a>
		<a>nwt/E/2013/24/28</a>
		<a>nwt/E/2013/24/29</a>
		<a>nwt/E/2013/24/30</a>
		<a>nwt/E/2013/24/31</a>
		<a>nwt/E/2013/24/32</a>
		<a>nwt/E/2013/24/33</a>
		<a>nwt/E/2013/24/34</a>
		<a>nwt/E/2013/24/35</a>
		<a>nwt/E/2013/24/36</a>
		<a>nwt/E/2013/24/37</a>
		<a>nwt/E/2013/24/38</a>
		<a>nwt/E/2013/24/39</a>
		<a>nwt/E/2013/24/40</a>
		<a>nwt/E/2013/24/41</a>
		<a>nwt/E/2013/24/42</a>
		<a>nwt/E/2013/24/43</a>
		<a>nwt/E/2013/24/44</a>
		<a>nwt/E/2013/24/45</a>
		<a>nwt/E/2013/24/46</a>
		<a>nwt/E/2013/24/47</a>
		<a>nwt/E/2013/24/48</a>
		<a>nwt/E/2013/24/49</a>
		<a>nwt/E/2013/24/50</a>
		<a>nwt/E/2013/24/51</a>
		<a>nwt/E/2013/24/52</a>
		<a>nwt/E/2013/25/1</a>
		<a>nwt/E/2013/25/2</a>
		<a>nwt/E/2013/25/3</a>
		<a>nwt/E/2013/25/4</a>
		<a>nwt/E/2013/25/5</a>
		<a>nwt/E/2013/26/1</a>
		<a>nwt/E/2013/26/2</a>
		<a>nwt/E/2013/26/3</a>
		<a>nwt/E/2013/26/4</a>
		<a>nwt/E/2013/26/5</a>
		<a>nwt/E/2013/26/6</a>
		<a>nwt/E/2013/26/7</a>
		<a>nwt/E/2013/26/8</a>
		<a>nwt/E/2013/26/9</a>
		<a>nwt/E/2013/26/10</a>
		<a>nwt/E/2013/26/11</a>
		<a>nwt/E/2013/26/12</a>
		<a>nwt/E/2013/26/13</a>
		<a>nwt/E/2013/26/14</a>
		<a>nwt/E/2013/26/15</a>
		<a>nwt/E/2013/26/16</a>
		<a>nwt/E/2013/26/17</a>
		<a>nwt/E/2013/26/18</a>
		<a>nwt/E/2013/26/19</a>
		<a>nwt/E/2013/26/20</a>
		<a>nwt/E/2013/26/21</a>
		<a>nwt/E/2013/26/22</a>
		<a>nwt/E/2013/26/23</a>
		<a>nwt/E/2013/26/24</a>
		<a>nwt/E/2013/26/25</a>
		<a>nwt/E/2013/26/26</a>
		<a>nwt/E/2013/26/27</a>
		<a>nwt/E/2013/26/28</a>
		<a>nwt/E/2013/26/29</a>
		<a>nwt/E/2013/26/30</a>
		<a>nwt/E/2013/26/31</a>
		<a>nwt/E/2013/26/32</a>
		<a>nwt/E/2013/26/33</a>
		<a>nwt/E/2013/26/34</a>
		<a>nwt/E/2013/26/35</a>
		<a>nwt/E/2013/26/36</a>
		<a>nwt/E/2013/26/37</a>
		<a>nwt/E/2013/26/38</a>
		<a>nwt/E/2013/26/39</a>
		<a>nwt/E/2013/26/40</a>
		<a>nwt/E/2013/26/41</a>
		<a>nwt/E/2013/26/42</a>
		<a>nwt/E/2013/26/43</a>
		<a>nwt/E/2013/26/44</a>
		<a>nwt/E/2013/26/45</a>
		<a>nwt/E/2013/26/46</a>
		<a>nwt/E/2013/26/47</a>
		<a>nwt/E/2013/26/48</a>
		<a>nwt/E/2013/27/1</a>
		<a>nwt/E/2013/27/2</a>
		<a>nwt/E/2013/27/3</a>
		<a>nwt/E/2013/27/4</a>
		<a>nwt/E/2013/27/5</a>
		<a>nwt/E/2013/27/6</a>
		<a>nwt/E/2013/27/7</a>
		<a>nwt/E/2013/27/8</a>
		<a>nwt/E/2013/27/9</a>
		<a>nwt/E/2013/27/10</a>
		<a>nwt/E/2013/27/11</a>
		<a>nwt/E/2013/27/12</a>
		<a>nwt/E/2013/28/1</a>
		<a>nwt/E/2013/28/2</a>
		<a>nwt/E/2013/28/3</a>
		<a>nwt/E/2013/28/4</a>
		<a>nwt/E/2013/28/5</a>
		<a>nwt/E/2013/28/6</a>
		<a>nwt/E/2013/28/7</a>
		<a>nwt/E/2013/28/8</a>
		<a>nwt/E/2013/28/9</a>
		<a>nwt/E/2013/28/10</a>
		<a>nwt/E/2013/28/11</a>
		<a>nwt/E/2013/28/12</a>
		<a>nwt/E/2013/28/13</a>
		<a>nwt/E/2013/28/14</a>
		<a>nwt/E/2013/29/1</a>
		<a>nwt/E/2013/29/2</a>
		<a>nwt/E/2013/29/3</a>
		<a>nwt/E/2013/30/1</a>
		<a>nwt/E/2013/30/2</a>
		<a>nwt/E/2013/30/3</a>
		<a>nwt/E/2013/30/4</a>
		<a>nwt/E/2013/30/5</a>
		<a>nwt/E/2013/30/6</a>
		<a>nwt/E/2013/30/7</a>
		<a>nwt/E/2013/30/8</a>
		<a>nwt/E/2013/30/9</a>
		<a>nwt/E/2013/31/1</a>
		<a>nwt/E/2013/32/1</a>
		<a>nwt/E/2013/32/2</a>
		<a>nwt/E/2013/32/3</a>
		<a>nwt/E/2013/32/4</a>
		<a>nwt/E/2013/33/1</a>
		<a>nwt/E/2013/33/2</a>
		<a>nwt/E/2013/33/3</a>
		<a>nwt/E/2013/33/4</a>
		<a>nwt/E/2013/33/5</a>
		<a>nwt/E/2013/33/6</a>
		<a>nwt/E/2013/33/7</a>
		<a>nwt/E/2013/34/1</a>
		<a>nwt/E/2013/34/2</a>
		<a>nwt/E/2013/34/3</a>
		<a>nwt/E/2013/35/1</a>
		<a>nwt/E/2013/35/2</a>
		<a>nwt/E/2013/35/3</a>
		<a>nwt/E/2013/36/1</a>
		<a>nwt/E/2013/36/2</a>
		<a>nwt/E/2013/36/3</a>
		<a>nwt/E/2013/37/1</a>
		<a>nwt/E/2013/37/2</a>
		<a>nwt/E/2013/38/1</a>
		<a>nwt/E/2013/38/2</a>
		<a>nwt/E/2013/38/3</a>
		<a>nwt/E/2013/38/4</a>
		<a>nwt/E/2013/38/5</a>
		<a>nwt/E/2013/38/6</a>
		<a>nwt/E/2013/38/7</a>
		<a>nwt/E/2013/38/8</a>
		<a>nwt/E/2013/38/9</a>
		<a>nwt/E/2013/38/10</a>
		<a>nwt/E/2013/38/11</a>
		<a>nwt/E/2013/38/12</a>
		<a>nwt/E/2013/38/13</a>
		<a>nwt/E/2013/38/14</a>
		<a>nwt/E/2013/39/1</a>
		<a>nwt/E/2013/39/2</a>
		<a>nwt/E/2013/39/3</a>
		<a>nwt/E/2013/39/4</a>
		<a>nwt/E/2013/40/1</a>
		<a>nwt/E/2013/40/2</a>
		<a>nwt/E/2013/40/3</a>
		<a>nwt/E/2013/40/4</a>
		<a>nwt/E/2013/40/5</a>
		<a>nwt/E/2013/40/6</a>
		<a>nwt/E/2013/40/7</a>
		<a>nwt/E/2013/40/8</a>
		<a>nwt/E/2013/40/9</a>
		<a>nwt/E/2013/40/10</a>
		<a>nwt/E/2013/40/11</a>
		<a>nwt/E/2013/40/12</a>
		<a>nwt/E/2013/40/13</a>
		<a>nwt/E/2013/40/14</a>
		<a>nwt/E/2013/40/15</a>
		<a>nwt/E/2013/40/16</a>
		<a>nwt/E/2013/40/17</a>
		<a>nwt/E/2013/40/18</a>
		<a>nwt/E/2013/40/19</a>
		<a>nwt/E/2013/40/20</a>
		<a>nwt/E/2013/40/21</a>
		<a>nwt/E/2013/40/22</a>
		<a>nwt/E/2013/40/23</a>
		<a>nwt/E/2013/40/24</a>
		<a>nwt/E/2013/40/25</a>
		<a>nwt/E/2013/40/26</a>
		<a>nwt/E/2013/40/27</a>
		<a>nwt/E/2013/40/28</a>
		<a>nwt/E/2013/41/1</a>
		<a>nwt/E/2013/41/2</a>
		<a>nwt/E/2013/41/3</a>
		<a>nwt/E/2013/41/4</a>
		<a>nwt/E/2013/41/5</a>
		<a>nwt/E/2013/41/6</a>
		<a>nwt/E/2013/41/7</a>
		<a>nwt/E/2013/41/8</a>
		<a>nwt/E/2013/41/9</a>
		<a>nwt/E/2013/41/10</a>
		<a>nwt/E/2013/41/11</a>
		<a>nwt/E/2013/41/12</a>
		<a>nwt/E/2013/41/13</a>
		<a>nwt/E/2013/41/14</a>
		<a>nwt/E/2013/41/15</a>
		<a>nwt/E/2013/41/16</a>
		<a>nwt/E/2013/42/1</a>
		<a>nwt/E/2013/42/2</a>
		<a>nwt/E/2013/42/3</a>
		<a>nwt/E/2013/42/4</a>
		<a>nwt/E/2013/42/5</a>
		<a>nwt/E/2013/42/6</a>
		<a>nwt/E/2013/42/7</a>
		<a>nwt/E/2013/42/8</a>
		<a>nwt/E/2013/42/9</a>
		<a>nwt/E/2013/42/10</a>
		<a>nwt/E/2013/42/11</a>
		<a>nwt/E/2013/42/12</a>
		<a>nwt/E/2013/42/13</a>
		<a>nwt/E/2013/42/14</a>
		<a>nwt/E/2013/42/15</a>
		<a>nwt/E/2013/42/16</a>
		<a>nwt/E/2013/42/17</a>
		<a>nwt/E/2013/42/18</a>
		<a>nwt/E/2013/42/19</a>
		<a>nwt/E/2013/42/20</a>
		<a>nwt/E/2013/42/21</a>
		<a>nwt/E/2013/42/22</a>
		<a>nwt/E/2013/42/23</a>
		<a>nwt/E/2013/42/24</a>
		<a>nwt/E/2013/43/1</a>
		<a>nwt/E/2013/43/2</a>
		<a>nwt/E/2013/43/3</a>
		<a>nwt/E/2013/43/4</a>
		<a>nwt/E/2013/43/5</a>
		<a>nwt/E/2013/43/6</a>
		<a>nwt/E/2013/43/7</a>
		<a>nwt/E/2013/43/8</a>
		<a>nwt/E/2013/43/9</a>
		<a>nwt/E/2013/43/10</a>
		<a>nwt/E/2013/43/11</a>
		<a>nwt/E/2013/43/12</a>
		<a>nwt/E/2013/43/13</a>
		<a>nwt/E/2013/43/14</a>
		<a>nwt/E/2013/43/15</a>
		<a>nwt/E/2013/43/16</a>
		<a>nwt/E/2013/43/17</a>
		<a>nwt/E/2013/43/18</a>
		<a>nwt/E/2013/43/19</a>
		<a>nwt/E/2013/43/20</a>
		<a>nwt/E/2013/43/21</a>
		<a>nwt/E/2013/44/1</a>
		<a>nwt/E/2013/44/2</a>
		<a>nwt/E/2013/44/3</a>
		<a>nwt/E/2013/44/4</a>
		<a>nwt/E/2013/44/5</a>
		<a>nwt/E/2013/44/6</a>
		<a>nwt/E/2013/44/7</a>
		<a>nwt/E/2013/44/8</a>
		<a>nwt/E/2013/44/9</a>
		<a>nwt/E/2013/44/10</a>
		<a>nwt/E/2013/44/11</a>
		<a>nwt/E/2013/44/12</a>
		<a>nwt/E/2013/44/13</a>
		<a>nwt/E/2013/44/14</a>
		<a>nwt/E/2013/44/15</a>
		<a>nwt/E/2013/44/16</a>
		<a>nwt/E/2013/44/17</a>
		<a>nwt/E/2013/44/18</a>
		<a>nwt/E/2013/44/19</a>
		<a>nwt/E/2013/44/20</a>
		<a>nwt/E/2013/44/21</a>
		<a>nwt/E/2013/44/22</a>
		<a>nwt/E/2013/44/23</a>
		<a>nwt/E/2013/44/24</a>
		<a>nwt/E/2013/44/25</a>
		<a>nwt/E/2013/44/26</a>
		<a>nwt/E/2013/44/27</a>
		<a>nwt/E/2013/44/28</a>
		<a>nwt/E/2013/45/1</a>
		<a>nwt/E/2013/45/2</a>
		<a>nwt/E/2013/45/3</a>
		<a>nwt/E/2013/45/4</a>
		<a>nwt/E/2013/45/5</a>
		<a>nwt/E/2013/45/6</a>
		<a>nwt/E/2013/45/7</a>
		<a>nwt/E/2013/45/8</a>
		<a>nwt/E/2013/45/9</a>
		<a>nwt/E/2013/45/10</a>
		<a>nwt/E/2013/45/11</a>
		<a>nwt/E/2013/45/12</a>
		<a>nwt/E/2013/45/13</a>
		<a>nwt/E/2013/45/14</a>
		<a>nwt/E/2013/45/15</a>
		<a>nwt/E/2013/45/16</a>
		<a>nwt/E/2013/46/1</a>
		<a>nwt/E/2013/46/2</a>
		<a>nwt/E/2013/46/3</a>
		<a>nwt/E/2013/46/4</a>
		<a>nwt/E/2013/46/5</a>
		<a>nwt/E/2013/46/6</a>
		<a>nwt/E/2013/46/7</a>
		<a>nwt/E/2013/46/8</a>
		<a>nwt/E/2013/46/9</a>
		<a>nwt/E/2013/46/10</a>
		<a>nwt/E/2013/46/11</a>
		<a>nwt/E/2013/46/12</a>
		<a>nwt/E/2013/46/13</a>
		<a>nwt/E/2013/46/14</a>
		<a>nwt/E/2013/46/15</a>
		<a>nwt/E/2013/46/16</a>
		<a>nwt/E/2013/47/1</a>
		<a>nwt/E/2013/47/2</a>
		<a>nwt/E/2013/47/3</a>
		<a>nwt/E/2013/47/4</a>
		<a>nwt/E/2013/47/5</a>
		<a>nwt/E/2013/47/6</a>
		<a>nwt/E/2013/47/7</a>
		<a>nwt/E/2013/47/8</a>
		<a>nwt/E/2013/47/9</a>
		<a>nwt/E/2013/47/10</a>
		<a>nwt/E/2013/47/11</a>
		<a>nwt/E/2013/47/12</a>
		<a>nwt/E/2013/47/13</a>
		<a>nwt/E/2013/48/1</a>
		<a>nwt/E/2013/48/2</a>
		<a>nwt/E/2013/48/3</a>
		<a>nwt/E/2013/48/4</a>
		<a>nwt/E/2013/48/5</a>
		<a>nwt/E/2013/48/6</a>
		<a>nwt/E/2013/49/1</a>
		<a>nwt/E/2013/49/2</a>
		<a>nwt/E/2013/49/3</a>
		<a>nwt/E/2013/49/4</a>
		<a>nwt/E/2013/49/5</a>
		<a>nwt/E/2013/49/6</a>
		<a>nwt/E/2013/50/1</a>
		<a>nwt/E/2013/50/2</a>
		<a>nwt/E/2013/50/3</a>
		<a>nwt/E/2013/50/4</a>
		<a>nwt/E/2013/51/1</a>
		<a>nwt/E/2013/51/2</a>
		<a>nwt/E/2013/51/3</a>
		<a>nwt/E/2013/51/4</a>
		<a>nwt/E/2013/52/1</a>
		<a>nwt/E/2013/52/2</a>
		<a>nwt/E/2013/52/3</a>
		<a>nwt/E/2013/52/4</a>
		<a>nwt/E/2013/52/5</a>
		<a>nwt/E/2013/53/1</a>
		<a>nwt/E/2013/53/2</a>
		<a>nwt/E/2013/53/3</a>
		<a>nwt/E/2013/54/1</a>
		<a>nwt/E/2013/54/2</a>
		<a>nwt/E/2013/54/3</a>
		<a>nwt/E/2013/54/4</a>
		<a>nwt/E/2013/54/5</a>
		<a>nwt/E/2013/54/6</a>
		<a>nwt/E/2013/55/1</a>
		<a>nwt/E/2013/55/2</a>
		<a>nwt/E/2013/55/3</a>
		<a>nwt/E/2013/55/4</a>
		<a>nwt/E/2013/56/1</a>
		<a>nwt/E/2013/56/2</a>
		<a>nwt/E/2013/56/3</a>
		<a>nwt/E/2013/57/1</a>
		<a>nwt/E/2013/58/1</a>
		<a>nwt/E/2013/58/2</a>
		<a>nwt/E/2013/58/3</a>
		<a>nwt/E/2013/58/4</a>
		<a>nwt/E/2013/58/5</a>
		<a>nwt/E/2013/58/6</a>
		<a>nwt/E/2013/58/7</a>
		<a>nwt/E/2013/58/8</a>
		<a>nwt/E/2013/58/9</a>
		<a>nwt/E/2013/58/10</a>
		<a>nwt/E/2013/58/11</a>
		<a>nwt/E/2013/58/12</a>
		<a>nwt/E/2013/58/13</a>
		<a>nwt/E/2013/59/1</a>
		<a>nwt/E/2013/59/2</a>
		<a>nwt/E/2013/59/3</a>
		<a>nwt/E/2013/59/4</a>
		<a>nwt/E/2013/59/5</a>
		<a>nwt/E/2013/60/1</a>
		<a>nwt/E/2013/60/2</a>
		<a>nwt/E/2013/60/3</a>
		<a>nwt/E/2013/60/4</a>
		<a>nwt/E/2013/60/5</a>
		<a>nwt/E/2013/61/1</a>
		<a>nwt/E/2013/61/2</a>
		<a>nwt/E/2013/61/3</a>
		<a>nwt/E/2013/62/1</a>
		<a>nwt/E/2013/62/2</a>
		<a>nwt/E/2013/62/3</a>
		<a>nwt/E/2013/62/4</a>
		<a>nwt/E/2013/62/5</a>
		<a>nwt/E/2013/63/1</a>
		<a>nwt/E/2013/64/1</a>
		<a>nwt/E/2013/65/1</a>
		<a>nwt/E/2013/66/1</a>
		<a>nwt/E/2013/66/2</a>
		<a>nwt/E/2013/66/3</a>
		<a>nwt/E/2013/66/4</a>
		<a>nwt/E/2013/66/5</a>
		<a>nwt/E/2013/66/6</a>
		<a>nwt/E/2013/66/7</a>
		<a>nwt/E/2013/66/8</a>
		<a>nwt/E/2013/66/9</a>
		<a>nwt/E/2013/66/10</a>
		<a>nwt/E/2013/66/11</a>
		<a>nwt/E/2013/66/12</a>
		<a>nwt/E/2013/66/13</a>
		<a>nwt/E/2013/66/14</a>
		<a>nwt/E/2013/66/15</a>
		<a>nwt/E/2013/66/16</a>
		<a>nwt/E/2013/66/17</a>
		<a>nwt/E/2013/66/18</a>
		<a>nwt/E/2013/66/19</a>
		<a>nwt/E/2013/66/20</a>
		<a>nwt/E/2013/66/21</a>
    <a>nwt/E/2013/66/22</a>
	</p>

</Publications>