<?xml version="1.0" encoding="utf-8"?>
<resources>
  <dimen name="abs__action_bar_default_height">48.0dip</dimen>
  <dimen name="abs__action_bar_icon_vertical_padding">8.0dip</dimen>
  <dimen name="abs__action_bar_subtitle_bottom_margin">5.0dip</dimen>
  <dimen name="abs__action_bar_subtitle_text_size">14.0dip</dimen>
  <dimen name="abs__action_bar_subtitle_top_margin">-3.0dip</dimen>
  <dimen name="abs__action_bar_title_text_size">18.0dip</dimen>
  <dimen name="abs__action_button_min_width">56.0dip</dimen>

  <dimen name="bible_nav_bible_book_grid_cell_padding">8.0dip</dimen>
  <dimen name="bible_nav_bible_book_grid_height">60.0dip</dimen>
  <dimen name="bible_nav_bible_book_grid_horizontal_spacing">2.0dip</dimen>
  <dimen name="bible_nav_bible_book_grid_vertical_spacing">2.0dip</dimen>
  <dimen name="bible_nav_bible_book_text_size">16.0sp</dimen>
  <dimen name="bible_nav_bible_book_grid_width">60.0dip</dimen>
  <dimen name="bible_nav_bible_book_header_side_padding">8.0dip</dimen>
  <dimen name="bible_nav_bible_book_header_bottom_padding">8.0dip</dimen>
  <dimen name="bible_nav_bible_book_header_top_padding">12.0dip</dimen>
  <dimen name="bible_nav_bible_book_scroll_view_padding">4.0dip</dimen>

  <dimen name="bible_nav_chapter_grid_height">60.0dip</dimen>
  <dimen name="bible_nav_chapter_grid_spacing">2.0dip</dimen>
  <dimen name="bible_nav_chapter_grid_text_size">22.0sp</dimen>
  <dimen name="bible_nav_chapter_grid_width">60.0dip</dimen>
  <dimen name="bible_nav_chapter_horizontal_padding">4.0dip</dimen>
  <dimen name="bible_nav_chapter_vertical_padding">4.0dip</dimen>

  <dimen name="document_nav_drawer_button_spacer">1.0dip</dimen>
  <dimen name="document_nav_drawer_button_text">20.0sp</dimen>
  <dimen name="document_nav_drawer_child_first_button_text">16.0sp</dimen>
  <dimen name="document_nav_drawer_child_second_button_text">14.0sp</dimen>
  <dimen name="document_nav_drawer_icon_padding">16.0dip</dimen>
  <dimen name="document_nav_drawer_icon_padding_bible">5.0dip</dimen>
  <dimen name="document_nav_drawer_icon_spacer">10.0dip</dimen>
  <dimen name="document_nav_drawer_right_padding">0.0dip</dimen>
  <dimen name="document_nav_drawer_subheading_text">16.0sp</dimen>
  <dimen name="document_nav_drawer_width">320.0dip</dimen>

  <dimen name="nav_heading_text_size">18.0sp</dimen>
</resources>
