<?xml version="1.0" encoding="utf-8"?>
<resources>
  
    <string name="Hello">Hello World, Click Me!</string>
    <string name="ApplicationName">JWMinistry</string>

    <string name="drawer_open">Open</string>
    <string name="drawer_close">Close</string>

    <string name="donation_paypal_item">JW Chinese</string>

    <string name="donation_prompt">Choose a donation</string>

    <string name="app_name">APKX Downloader</string>
    <string name="text_paused_cellular">Would you like to enable downloading over cellular connections? Depending on your data plan, this may cost you money.</string>
    <string name="text_paused_cellular_2">If you choose not to enable downloading over cellular connections, the download will automatically resume when wi-fi is available.</string>
    <string name="text_button_resume_cellular">Resume download</string>
    <string name="text_button_wifi_settings">Wi-Fi settings</string>
    <string name="text_verifying_download">Verifying Download</string>
    <string name="text_validation_complete">XAPK File Validation Complete.  Select OK to start the application.</string>
    <string name="text_validation_failed">XAPK File Validation Failed.</string>
    <string name="text_button_pause">Pause Download</string>
    <string name="text_button_resume">Resume Download</string>
    <string name="text_button_cancel">Cancel</string>
    <string name="text_button_cancel_verify">Cancel Verification</string>

</resources>
