<?xml version="1.0" encoding="utf-8"?>
<resources>
  <dimen name="bible_nav_bible_book_grid_height">52.0dip</dimen>
  <dimen name="bible_nav_bible_book_grid_width">92.0dip</dimen>
  <dimen name="bible_nav_bible_book_scroll_view_padding">16.0dip</dimen>
  <dimen name="bible_nav_bible_book_header_side_padding">0.0dip</dimen>

  <dimen name="bible_nav_chapter_grid_height">68.0dip</dimen>
  <dimen name="bible_nav_chapter_grid_width">68.0dip</dimen>
  <dimen name="bible_nav_chapter_horizontal_padding">16.0dip</dimen>
  <dimen name="bible_nav_chapter_vertical_padding">16.0dip</dimen>

  <dimen name="document_nav_drawer_icon_padding">16.0dip</dimen>

  <dimen name="nav_heading_text_size">22.0sp</dimen>
</resources>
