﻿<?xml version="1.0" encoding="utf-8"?>
<selector xmlns:android="http://schemas.android.com/apk/res/android" >
    <item android:state_pressed="true">
      <shape>
        <solid android:color="@color/storehouse_king_purple"/>                
      </shape>
    </item>

    <item android:state_focused="true">
      <shape>
        <solid android:color="@color/storehouse_king_purple"/>                
      </shape>
    </item>

  <item android:state_activated="true">
    <shape>
      <solid android:color="@color/storehouse_king_purple"/>
    </shape>
  </item>
  
  <item>
    <shape>
      <solid android:color="@color/storehouse_blue_light"/>
    </shape>
  </item>
  
  <!--#d3041f-->
</selector>