﻿<?xml version="1.0" encoding="utf-8"?>
<selector xmlns:android="http://schemas.android.com/apk/res/android" >
    <item android:state_pressed="true">
      <shape>
        <solid android:color="@android:color/transparent"/>                
      </shape>
    </item>

    <item android:state_focused="true">
      <shape>
        <solid android:color="@android:color/transparent"/>                
      </shape>
    </item>

  <item android:state_activated="true">
    <shape>
      <solid android:color="@android:color/transparent"/>
    </shape>
  </item>
  
  <item>
    <shape android:shape="rectangle">
      <stroke android:width="4dp"
              android:color="@android:color/transparent"/>
      <gradient android:angle="90"
          android:startColor="@color/storehouse_red"
          android:centerColor="@android:color/transparent"
          android:centerX="0.01" />
    </shape>
  </item>
  
  <!--#d3041f-->
</selector>