﻿<?xml version="1.0" encoding="utf-8"?>
<selector xmlns:android="http://schemas.android.com/apk/res/android">
    <item android:state_pressed="true">
      <shape>
        <corners android:radius="0dp"/>
        <stroke android:width="2dp"
                android:color="@color/storehouse_blue"/>
        <solid android:color="@color/storehouse_blue_light"/>                
      </shape>
    </item>

    <item android:state_focused="true">
      <shape>
        <corners android:radius="0dp"/>
        <stroke android:width="2dp"
                android:color="@color/storehouse_blue"/>
        <solid android:color="@color/storehouse_blue_light"/>                
      </shape>
    </item>

  <item android:state_activated="true">
    <shape>
      <corners android:radius="0dp"/>
      <stroke android:width="2dp"
              android:color="@color/storehouse_blue"/>
      <solid android:color="@color/storehouse_blue_medium"/>
    </shape>
  </item>
  
  <item>
    <shape>
      <corners android:radius="0dp"/>
      <stroke android:width="2dp"
              android:color="@color/storehouse_blue_dark"/>
      <solid android:color="@color/storehouse_blue"/>                
    </shape>
  </item>
  
  <!--#d3041f-->
</selector>